75525,3,MASIVO,tipoEmision,,1,1,,1,0,0,2023-09-04 16:21:40,2023-09-04 16:21:40,
75526,4,CONTINGENCIA,tipoEmision,,1,1,,1,0,0,2023-09-04 16:21:40,2023-09-04 16:21:40,
75527,1,EN LINEA,tipoEmision,,1,1,,1,0,0,2023-09-04 16:21:40,2023-09-04 16:21:40,
75528,2,FUERA DE LINEA,tipoEmision,,1,1,,1,0,0,2023-09-04 16:21:40,2023-09-04 16:21:40,
75529,3,HABITACION DOBLE DE USO INDIVIDUAL,tipoHabitacion,,1,1,,1,0,0,2023-09-04 16:21:41,2023-09-04 16:21:41,
75530,4,HABITACIÓN DOBLE CON CAMA SUPLETORIA,tipoHabitacion,,1,1,,1,0,0,2023-09-04 16:21:41,2023-09-04 16:21:41,
75531,5,HABITACIÓN MATRIMONIAL,tipoHabitacion,,1,1,,1,0,0,2023-09-04 16:21:41,2023-09-04 16:21:41,
75532,6,HABITACIÓN TRIPLE,tipoHabitacion,,1,1,,1,0,0,2023-09-04 16:21:41,2023-09-04 16:21:41,
75533,7,HABITACIÓN CUÁDRUPLE,tipoHabitacion,,1,1,,1,0,0,2023-09-04 16:21:41,2023-09-04 16:21:41,
75534,8,HABITACIÓN FAMILIAR,tipoHabitacion,,1,1,,1,0,0,2023-09-04 16:21:41,2023-09-04 16:21:41,
75535,9,JUNIOR SUITE,tipoHabitacion,,1,1,,1,0,0,2023-09-04 16:21:41,2023-09-04 16:21:41,
75536,10,SUITE,tipoHabitacion,,1,1,,1,0,0,2023-09-04 16:21:41,2023-09-04 16:21:41,
75537,11,SUITE DOBLE,tipoHabitacion,,1,1,,1,0,0,2023-09-04 16:21:41,2023-09-04 16:21:41,
75538,12,SUITE NUPCIAL,tipoHabitacion,,1,1,,1,0,0,2023-09-04 16:21:41,2023-09-04 16:21:41,
75539,13,SUITE PRESIDENCIAL,tipoHabitacion,,1,1,,1,0,0,2023-09-04 16:21:41,2023-09-04 16:21:41,
75540,14,CABAÑA,tipoHabitacion,,1,1,,1,0,0,2023-09-04 16:21:41,2023-09-04 16:21:41,
75541,15,DEPARTAMENTO,tipoHabitacion,,1,1,,1,0,0,2023-09-04 16:21:41,2023-09-04 16:21:41,
75542,16,DORMITORIOS,tipoHabitacion,,1,1,,1,0,0,2023-09-04 16:21:41,2023-09-04 16:21:41,
75543,1,HABITACIÓN SENCILLA,tipoHabitacion,,1,1,,1,0,0,2023-09-04 16:21:41,2023-09-04 16:21:41,
75544,2,HABITACIÓN DOBLE,tipoHabitacion,,1,1,,1,0,0,2023-09-04 16:21:41,2023-09-04 16:21:41,
75545,299,DEBITO AUTOMATICO -  VALE,tipoMetodoPago,,1,1,,1,0,0,2023-09-04 16:21:41,2023-09-04 16:21:41,
75546,300,DEBITO AUTOMATICO -  PAGO POSTERIOR,tipoMetodoPago,,1,1,,1,0,0,2023-09-04 16:21:41,2023-09-04 16:21:41,
75547,301,DEBITO AUTOMATICO -  TRANSFERENCIA BANCARIA,tipoMetodoPago,,1,1,,1,0,0,2023-09-04 16:21:41,2023-09-04 16:21:41,
75548,302,DEBITO AUTOMATICO -  DEPOSITO EN CUENTA,tipoMetodoPago,,1,1,,1,0,0,2023-09-04 16:21:41,2023-09-04 16:21:41,
75549,303,DEBITO AUTOMATICO -  TRANSFERENCIA SWIFT,tipoMetodoPago,,1,1,,1,0,0,2023-09-04 16:21:41,2023-09-04 16:21:41,
75550,304,DEBITO AUTOMATICO - GIFT-CARD,tipoMetodoPago,,1,1,,1,0,0,2023-09-04 16:21:41,2023-09-04 16:21:41,
75551,305,DEBITO AUTOMATICO -  CANAL DE PAGO,tipoMetodoPago,,1,1,,1,0,0,2023-09-04 16:21:41,2023-09-04 16:21:41,
75552,306,DEBITO AUTOMATICO -  BILLETERA MOVIL,tipoMetodoPago,,1,1,,1,0,0,2023-09-04 16:21:41,2023-09-04 16:21:41,
75553,307,DEBITO AUTOMATICO -  PAGO ONLINE,tipoMetodoPago,,1,1,,1,0,0,2023-09-04 16:21:41,2023-09-04 16:21:41,
75554,308,DEBITO AUTOMATICO – OTRO,tipoMetodoPago,,1,1,,1,0,0,2023-09-04 16:21:41,2023-09-04 16:21:41,
75555,10,EFECTIVO-TARJETA,tipoMetodoPago,,1,1,,1,0,0,2023-09-04 16:21:41,2023-09-04 16:21:41,
75556,11,EFECTIVO-CHEQUE,tipoMetodoPago,,1,1,,1,0,0,2023-09-04 16:21:41,2023-09-04 16:21:41,
75557,12,EFECTIVO-VALES,tipoMetodoPago,,1,1,,1,0,0,2023-09-04 16:21:41,2023-09-04 16:21:41,
75558,13,EFECTIVO – TRANSFERENCIA BANCARIA,tipoMetodoPago,,1,1,,1,0,0,2023-09-04 16:21:41,2023-09-04 16:21:41,
75559,14,EFECTIVO-DEPOSITO EN CUENTA,tipoMetodoPago,,1,1,,1,0,0,2023-09-04 16:21:41,2023-09-04 16:21:41,
75560,15,EFECTIVO – TRANSFERENCIA BANCARIA SWIFT,tipoMetodoPago,,1,1,,1,0,0,2023-09-04 16:21:41,2023-09-04 16:21:41,
75561,16,TARJETA-CHEQUE,tipoMetodoPago,,1,1,,1,0,0,2023-09-04 16:21:41,2023-09-04 16:21:41,
75562,17,TARJETA-VALES,tipoMetodoPago,,1,1,,1,0,0,2023-09-04 16:21:41,2023-09-04 16:21:41,
75563,18,TARJETA-TRANSFERENCIA BANCARIA,tipoMetodoPago,,1,1,,1,0,0,2023-09-04 16:21:41,2023-09-04 16:21:41,
75564,19,TARJETA-DEPOSITO EN CUENTA,tipoMetodoPago,,1,1,,1,0,0,2023-09-04 16:21:41,2023-09-04 16:21:41,
75565,20,TARJETA-TRANSFERENCIA SWIFT,tipoMetodoPago,,1,1,,1,0,0,2023-09-04 16:21:41,2023-09-04 16:21:41,
75566,21,VALES-TRANSFERENCIA BANCARIA,tipoMetodoPago,,1,1,,1,0,0,2023-09-04 16:21:41,2023-09-04 16:21:41,
75567,22,VALES – DEPOSITO EN CUENTA,tipoMetodoPago,,1,1,,1,0,0,2023-09-04 16:21:41,2023-09-04 16:21:41,
75568,23,VALES-TRANSFERENCIA SWIFT,tipoMetodoPago,,1,1,,1,0,0,2023-09-04 16:21:41,2023-09-04 16:21:41,
75569,24,TRANSFERENCIA BANCARIA-DEPOSITO EN CUENTA,tipoMetodoPago,,1,1,,1,0,0,2023-09-04 16:21:41,2023-09-04 16:21:41,
75570,25,TRANSFERENCIA BANCARIA-TRANSFERENCIA SWIFT,tipoMetodoPago,,1,1,,1,0,0,2023-09-04 16:21:41,2023-09-04 16:21:41,
75571,26,DEPOSITO EN CUENTA – TRANSFERENCIA SWIFT,tipoMetodoPago,,1,1,,1,0,0,2023-09-04 16:21:41,2023-09-04 16:21:41,
75572,6,PAGO POSTERIOR,tipoMetodoPago,,1,1,,1,0,0,2023-09-04 16:21:41,2023-09-04 16:21:41,
75573,7,TRANSFERENCIA BANCARIA,tipoMetodoPago,,1,1,,1,0,0,2023-09-04 16:21:41,2023-09-04 16:21:41,
75574,27,GIFT-CARD,tipoMetodoPago,,1,1,,1,0,0,2023-09-04 16:21:41,2023-09-04 16:21:41,
75575,8,DEPOSITO EN CUENTA,tipoMetodoPago,,1,1,,1,0,0,2023-09-04 16:21:41,2023-09-04 16:21:41,
75576,9,TRANSFERENCIA SWIFT,tipoMetodoPago,,1,1,,1,0,0,2023-09-04 16:21:41,2023-09-04 16:21:41,
75577,30,GIFT-CARD OTROS,tipoMetodoPago,,1,1,,1,0,0,2023-09-04 16:21:41,2023-09-04 16:21:41,
75578,31,CANAL DE PAGO,tipoMetodoPago,,1,1,,1,0,0,2023-09-04 16:21:41,2023-09-04 16:21:41,
75579,32,BILLETERA MOVIL,tipoMetodoPago,,1,1,,1,0,0,2023-09-04 16:21:41,2023-09-04 16:21:41,
75580,33,PAGO ONLINE,tipoMetodoPago,,1,1,,1,0,0,2023-09-04 16:21:41,2023-09-04 16:21:41,
75581,34,EFECTIVO – PAGO POSTERIOR,tipoMetodoPago,,1,1,,1,0,0,2023-09-04 16:21:41,2023-09-04 16:21:41,
75582,35,EFECTIVO – GIFT-CARD,tipoMetodoPago,,1,1,,1,0,0,2023-09-04 16:21:41,2023-09-04 16:21:41,
75583,36,EFECTIVO – CANAL PAGO,tipoMetodoPago,,1,1,,1,0,0,2023-09-04 16:21:41,2023-09-04 16:21:41,
75584,37,EFECTIVO – BILLETERA MOVIL,tipoMetodoPago,,1,1,,1,0,0,2023-09-04 16:21:41,2023-09-04 16:21:41,
75585,38,EFECTIVO – PAGO ONLINE,tipoMetodoPago,,1,1,,1,0,0,2023-09-04 16:21:41,2023-09-04 16:21:41,
75586,39,TARJETA – PAGO POSTERIOR,tipoMetodoPago,,1,1,,1,0,0,2023-09-04 16:21:41,2023-09-04 16:21:41,
75587,40,TARJETA – GIFT-CARD,tipoMetodoPago,,1,1,,1,0,0,2023-09-04 16:21:41,2023-09-04 16:21:41,
75588,41,TARJETA – CANAL PAGO,tipoMetodoPago,,1,1,,1,0,0,2023-09-04 16:21:41,2023-09-04 16:21:41,
75589,42,TARJETA – BILLETERA MOVIL,tipoMetodoPago,,1,1,,1,0,0,2023-09-04 16:21:41,2023-09-04 16:21:41,
75590,43,TARJETA – PAGO ONLINE,tipoMetodoPago,,1,1,,1,0,0,2023-09-04 16:21:41,2023-09-04 16:21:41,
75591,44,CHEQUE – VALES,tipoMetodoPago,,1,1,,1,0,0,2023-09-04 16:21:41,2023-09-04 16:21:41,
75592,45,CHEQUE – PAGO POSTERIOR,tipoMetodoPago,,1,1,,1,0,0,2023-09-04 16:21:41,2023-09-04 16:21:41,
75593,46,CHEQUE – TRANSFERENCIA BANCARIA,tipoMetodoPago,,1,1,,1,0,0,2023-09-04 16:21:41,2023-09-04 16:21:41,
75594,47,CHEQUE – DEPOSITO,tipoMetodoPago,,1,1,,1,0,0,2023-09-04 16:21:41,2023-09-04 16:21:41,
75595,48,CHEQUE – SWIFT,tipoMetodoPago,,1,1,,1,0,0,2023-09-04 16:21:41,2023-09-04 16:21:41,
75596,49,CHEQUE – GIFT-CARD,tipoMetodoPago,,1,1,,1,0,0,2023-09-04 16:21:41,2023-09-04 16:21:41,
75597,50,CHEQUE – CANAL PAGO,tipoMetodoPago,,1,1,,1,0,0,2023-09-04 16:21:41,2023-09-04 16:21:41,
75598,51,CHEQUE – BILLETERA,tipoMetodoPago,,1,1,,1,0,0,2023-09-04 16:21:41,2023-09-04 16:21:41,
75599,52,CHEQUE – PAGO ONLINE,tipoMetodoPago,,1,1,,1,0,0,2023-09-04 16:21:41,2023-09-04 16:21:41,
75600,53,VALES – GIFT-CARD,tipoMetodoPago,,1,1,,1,0,0,2023-09-04 16:21:41,2023-09-04 16:21:41,
75601,54,VALES – CANAL DE PAGO,tipoMetodoPago,,1,1,,1,0,0,2023-09-04 16:21:41,2023-09-04 16:21:41,
75602,55,VALES – BILLETERA MOVIL,tipoMetodoPago,,1,1,,1,0,0,2023-09-04 16:21:41,2023-09-04 16:21:41,
75603,56,VALES – PAGO ONLINE,tipoMetodoPago,,1,1,,1,0,0,2023-09-04 16:21:41,2023-09-04 16:21:41,
75604,57,PAGO POSTERIOR – TRANSFERENCIA BANCARIA,tipoMetodoPago,,1,1,,1,0,0,2023-09-04 16:21:41,2023-09-04 16:21:41,
75605,58,PAGO POSTERIOR – DEPOSITO EN CUENTA,tipoMetodoPago,,1,1,,1,0,0,2023-09-04 16:21:41,2023-09-04 16:21:41,
75606,59,PAGO POSTERIOR – SWIFT,tipoMetodoPago,,1,1,,1,0,0,2023-09-04 16:21:41,2023-09-04 16:21:41,
75607,60,PAGO POSTERIOR – GIFT-CARD,tipoMetodoPago,,1,1,,1,0,0,2023-09-04 16:21:41,2023-09-04 16:21:41,
75608,61,PAGO POSTERIOR – CANAL,tipoMetodoPago,,1,1,,1,0,0,2023-09-04 16:21:41,2023-09-04 16:21:41,
75609,62,PAGO POSTERIOR – BILLETERA,tipoMetodoPago,,1,1,,1,0,0,2023-09-04 16:21:41,2023-09-04 16:21:41,
75610,63,PAGO POSTERIOR – PAGO ONLINE,tipoMetodoPago,,1,1,,1,0,0,2023-09-04 16:21:41,2023-09-04 16:21:41,
75611,1,EFECTIVO,tipoMetodoPago,,1,1,,1,0,0,2023-09-04 16:21:41,2023-09-04 16:21:41,
75612,64,TRANSFERENCIA BANCARIA – GIFT-CARD,tipoMetodoPago,,1,1,,1,0,0,2023-09-04 16:21:41,2023-09-04 16:21:41,
75613,2,TARJETA,tipoMetodoPago,,1,1,,1,0,0,2023-09-04 16:21:41,2023-09-04 16:21:41,
75614,65,TRANSFERENCIA BANCARIA – CANAL DE PAGO,tipoMetodoPago,,1,1,,1,0,0,2023-09-04 16:21:41,2023-09-04 16:21:41,
75615,3,CHEQUE,tipoMetodoPago,,1,1,,1,0,0,2023-09-04 16:21:41,2023-09-04 16:21:41,
75616,66,TRANSFERENCIA BANCARIA – BILLETERA MOVIL,tipoMetodoPago,,1,1,,1,0,0,2023-09-04 16:21:41,2023-09-04 16:21:41,
75617,4,VALES,tipoMetodoPago,,1,1,,1,0,0,2023-09-04 16:21:41,2023-09-04 16:21:41,
75618,67,TRANSFERENCIA BANCARIA – PAGO ONLINE,tipoMetodoPago,,1,1,,1,0,0,2023-09-04 16:21:41,2023-09-04 16:21:41,
75619,5,OTROS,tipoMetodoPago,,1,1,,1,0,0,2023-09-04 16:21:41,2023-09-04 16:21:41,
75620,68,DEPOSITO EN CUENTA – GIFT-CARD,tipoMetodoPago,,1,1,,1,0,0,2023-09-04 16:21:41,2023-09-04 16:21:41,
75621,69,DEPOSITO EN CUENTA – CANAL DE PAGO,tipoMetodoPago,,1,1,,1,0,0,2023-09-04 16:21:41,2023-09-04 16:21:41,
75622,70,DEPOSITO EN CUENTA – BILLETERA MOVIL,tipoMetodoPago,,1,1,,1,0,0,2023-09-04 16:21:41,2023-09-04 16:21:41,
75623,71,DEPOSITO EN CUENTA  – PAGO ONLINE,tipoMetodoPago,,1,1,,1,0,0,2023-09-04 16:21:41,2023-09-04 16:21:41,
75624,72,SWIFT – GIFT-CARD,tipoMetodoPago,,1,1,,1,0,0,2023-09-04 16:21:41,2023-09-04 16:21:41,
75625,73,SWIFT – CANAL DE PAGO,tipoMetodoPago,,1,1,,1,0,0,2023-09-04 16:21:41,2023-09-04 16:21:41,
75626,74,SWIFT – BILLETERA MOVIL,tipoMetodoPago,,1,1,,1,0,0,2023-09-04 16:21:41,2023-09-04 16:21:41,
75627,75,SWIFT – PAGO ONLINE,tipoMetodoPago,,1,1,,1,0,0,2023-09-04 16:21:41,2023-09-04 16:21:41,
75628,76,GIFT-CARD – CANAL DE PAGO,tipoMetodoPago,,1,1,,1,0,0,2023-09-04 16:21:41,2023-09-04 16:21:41,
75629,77,GIFT-CARD  – BILLETERA,tipoMetodoPago,,1,1,,1,0,0,2023-09-04 16:21:41,2023-09-04 16:21:41,
75630,78,GIFT-CARD – PAGO ONLINE,tipoMetodoPago,,1,1,,1,0,0,2023-09-04 16:21:41,2023-09-04 16:21:41,
75631,79,CANAL DE PAGO – BILLETERA MOVIL,tipoMetodoPago,,1,1,,1,0,0,2023-09-04 16:21:41,2023-09-04 16:21:41,
75632,80,CANAL DE PAGO – PAGO ONLINE,tipoMetodoPago,,1,1,,1,0,0,2023-09-04 16:21:41,2023-09-04 16:21:41,
75633,81,BILLETERA MOVIL – PAGO ONLINE,tipoMetodoPago,,1,1,,1,0,0,2023-09-04 16:21:41,2023-09-04 16:21:41,
75634,82,EFECTIVO - TARJETA - PAGO POSTERIOR,tipoMetodoPago,,1,1,,1,0,0,2023-09-04 16:21:41,2023-09-04 16:21:41,
75635,83,EFECTIVO - TARJETA - TRANSFERENCIA BANCARIA,tipoMetodoPago,,1,1,,1,0,0,2023-09-04 16:21:41,2023-09-04 16:21:41,
75636,84,EFECTIVO - TARJETA - DEPOSITO EN CUENTA,tipoMetodoPago,,1,1,,1,0,0,2023-09-04 16:21:41,2023-09-04 16:21:41,
75637,85,EFECTIVO - TARJETA - TRANSFERENCIA SWIFT,tipoMetodoPago,,1,1,,1,0,0,2023-09-04 16:21:41,2023-09-04 16:21:41,
75638,86,EFECTIVO - TARJETA - GIFT-CARD,tipoMetodoPago,,1,1,,1,0,0,2023-09-04 16:21:41,2023-09-04 16:21:41,
75639,87,EFECTIVO - TARJETA - CANAL DE PAGO,tipoMetodoPago,,1,1,,1,0,0,2023-09-04 16:21:41,2023-09-04 16:21:41,
75640,88,EFECTIVO - TARJETA - BILLETERA MOVIL,tipoMetodoPago,,1,1,,1,0,0,2023-09-04 16:21:41,2023-09-04 16:21:41,
75641,89,EFECTIVO - TARJETA - PAGO ONLINE,tipoMetodoPago,,1,1,,1,0,0,2023-09-04 16:21:41,2023-09-04 16:21:41,
75642,90,EFECTIVO – CHEQUE - PAGO POSTERIOR,tipoMetodoPago,,1,1,,1,0,0,2023-09-04 16:21:41,2023-09-04 16:21:41,
75643,91,EFECTIVO – CHEQUE - TRANSFERENCIA BANCARIA,tipoMetodoPago,,1,1,,1,0,0,2023-09-04 16:21:41,2023-09-04 16:21:41,
75644,92,EFECTIVO – CHEQUE - DEPOSITO EN CUENTA,tipoMetodoPago,,1,1,,1,0,0,2023-09-04 16:21:41,2023-09-04 16:21:41,
75645,93,EFECTIVO – CHEQUE - TRANSFERENCIA SWIFT,tipoMetodoPago,,1,1,,1,0,0,2023-09-04 16:21:41,2023-09-04 16:21:41,
75646,94,EFECTIVO – CHEQUE - GIFT-CARD,tipoMetodoPago,,1,1,,1,0,0,2023-09-04 16:21:41,2023-09-04 16:21:41,
75647,95,EFECTIVO – CHEQUE - CANAL DE PAGO,tipoMetodoPago,,1,1,,1,0,0,2023-09-04 16:21:41,2023-09-04 16:21:41,
75648,96,EFECTIVO – CHEQUE - BILLETERA MOVIL,tipoMetodoPago,,1,1,,1,0,0,2023-09-04 16:21:41,2023-09-04 16:21:41,
75649,97,EFECTIVO – CHEQUE - PAGO ONLINE,tipoMetodoPago,,1,1,,1,0,0,2023-09-04 16:21:41,2023-09-04 16:21:41,
75650,98,EFECTIVO – VALES - PAGO POSTERIOR,tipoMetodoPago,,1,1,,1,0,0,2023-09-04 16:21:41,2023-09-04 16:21:41,
75651,99,EFECTIVO – VALES - TRANSFERENCIA BANCARIA,tipoMetodoPago,,1,1,,1,0,0,2023-09-04 16:21:41,2023-09-04 16:21:41,
75652,100,EFECTIVO – VALES - DEPOSITO EN CUENTA,tipoMetodoPago,,1,1,,1,0,0,2023-09-04 16:21:41,2023-09-04 16:21:41,
75653,101,EFECTIVO – VALES - TRANSFERENCIA SWIFT,tipoMetodoPago,,1,1,,1,0,0,2023-09-04 16:21:41,2023-09-04 16:21:41,
75654,102,EFECTIVO – VALES - GIFT-CARD,tipoMetodoPago,,1,1,,1,0,0,2023-09-04 16:21:41,2023-09-04 16:21:41,
75655,103,EFECTIVO – VALES - CANAL DE PAGO,tipoMetodoPago,,1,1,,1,0,0,2023-09-04 16:21:41,2023-09-04 16:21:41,
75656,104,EFECTIVO – VALES - BILLETERA MOVIL,tipoMetodoPago,,1,1,,1,0,0,2023-09-04 16:21:41,2023-09-04 16:21:41,
75657,105,EFECTIVO – VALES - PAGO ONLINE,tipoMetodoPago,,1,1,,1,0,0,2023-09-04 16:21:41,2023-09-04 16:21:41,
75658,106,EFECTIVO – PAGO POSTERIOR - TRANSFERENCIA BANCARIA,tipoMetodoPago,,1,1,,1,0,0,2023-09-04 16:21:41,2023-09-04 16:21:41,
75659,107,EFECTIVO – PAGO POSTERIOR - DEPOSITO EN CUENTA,tipoMetodoPago,,1,1,,1,0,0,2023-09-04 16:21:41,2023-09-04 16:21:41,
75660,108,EFECTIVO – PAGO POSTERIOR - TRANSFERENCIA SWIFT,tipoMetodoPago,,1,1,,1,0,0,2023-09-04 16:21:41,2023-09-04 16:21:41,
75661,109,EFECTIVO – PAGO POSTERIOR - GIFT-CARD,tipoMetodoPago,,1,1,,1,0,0,2023-09-04 16:21:41,2023-09-04 16:21:41,
75662,110,EFECTIVO – PAGO POSTERIOR - CANAL DE PAGO,tipoMetodoPago,,1,1,,1,0,0,2023-09-04 16:21:41,2023-09-04 16:21:41,
75663,111,EFECTIVO – PAGO POSTERIOR - BILLETERA MOVIL,tipoMetodoPago,,1,1,,1,0,0,2023-09-04 16:21:41,2023-09-04 16:21:41,
75664,112,EFECTIVO – PAGO POSTERIOR - PAGO ONLINE,tipoMetodoPago,,1,1,,1,0,0,2023-09-04 16:21:41,2023-09-04 16:21:41,
75665,113,EFECTIVO – TRANSFERENCIA BANCARIA  – DEPOSITO EN CUENTA,tipoMetodoPago,,1,1,,1,0,0,2023-09-04 16:21:41,2023-09-04 16:21:41,
75666,114,EFECTIVO – TRANSFERENCIA BANCARIA  – TRANSFERENCIA SWIFT,tipoMetodoPago,,1,1,,1,0,0,2023-09-04 16:21:41,2023-09-04 16:21:41,
75667,115,EFECTIVO – TRANSFERENCIA BANCARIA  – GIFT-CARD,tipoMetodoPago,,1,1,,1,0,0,2023-09-04 16:21:41,2023-09-04 16:21:41,
75668,116,EFECTIVO – TRANSFERENCIA BANCARIA  – CANAL DE PAGO,tipoMetodoPago,,1,1,,1,0,0,2023-09-04 16:21:41,2023-09-04 16:21:41,
75669,117,EFECTIVO – TRANSFERENCIA BANCARIA  – BILLETERA MOVIL,tipoMetodoPago,,1,1,,1,0,0,2023-09-04 16:21:41,2023-09-04 16:21:41,
75670,118,EFECTIVO – TRANSFERENCIA BANCARIA  – PAGO ONLINE,tipoMetodoPago,,1,1,,1,0,0,2023-09-04 16:21:41,2023-09-04 16:21:41,
75671,119,EFECTIVO – DEPOSITO EN CUENTA  – TRANSFERENCIA SWIFT,tipoMetodoPago,,1,1,,1,0,0,2023-09-04 16:21:41,2023-09-04 16:21:41,
75672,120,EFECTIVO – DEPOSITO EN CUENTA  – GIFT-CARD,tipoMetodoPago,,1,1,,1,0,0,2023-09-04 16:21:41,2023-09-04 16:21:41,
75673,121,EFECTIVO – DEPOSITO EN CUENTA  – CANAL DE PAGO,tipoMetodoPago,,1,1,,1,0,0,2023-09-04 16:21:41,2023-09-04 16:21:41,
75674,122,EFECTIVO – DEPOSITO EN CUENTA  – BILLETERA MOVIL,tipoMetodoPago,,1,1,,1,0,0,2023-09-04 16:21:41,2023-09-04 16:21:41,
75675,123,EFECTIVO – DEPOSITO EN CUENTA  – PAGO ONLINE,tipoMetodoPago,,1,1,,1,0,0,2023-09-04 16:21:41,2023-09-04 16:21:41,
75676,124,EFECTIVO – SWIFT - GIFT-CARD,tipoMetodoPago,,1,1,,1,0,0,2023-09-04 16:21:41,2023-09-04 16:21:41,
75677,125,EFECTIVO – SWIFT - CANAL DE PAGO,tipoMetodoPago,,1,1,,1,0,0,2023-09-04 16:21:41,2023-09-04 16:21:41,
75678,126,EFECTIVO – SWIFT - BILLETERA MOVIL,tipoMetodoPago,,1,1,,1,0,0,2023-09-04 16:21:41,2023-09-04 16:21:41,
75679,127,EFECTIVO – SWIFT - PAGO ONLINE,tipoMetodoPago,,1,1,,1,0,0,2023-09-04 16:21:41,2023-09-04 16:21:41,
75680,128,EFECTIVO – GIFT-CARD - CANAL DE PAGO,tipoMetodoPago,,1,1,,1,0,0,2023-09-04 16:21:41,2023-09-04 16:21:41,
75681,129,EFECTIVO – GIFT-CARD - BILLETERA MOVIL,tipoMetodoPago,,1,1,,1,0,0,2023-09-04 16:21:41,2023-09-04 16:21:41,
75682,130,EFECTIVO – GIFT-CARD - PAGO ONLINE,tipoMetodoPago,,1,1,,1,0,0,2023-09-04 16:21:41,2023-09-04 16:21:41,
75683,131,EFECTIVO – CANAL PAGO - BILLETERA MOVIL,tipoMetodoPago,,1,1,,1,0,0,2023-09-04 16:21:41,2023-09-04 16:21:41,
75684,132,EFECTIVO – CANAL PAGO - PAGO ONLINE,tipoMetodoPago,,1,1,,1,0,0,2023-09-04 16:21:41,2023-09-04 16:21:41,
75685,133,EFECTIVO – BILLETERA MOVIL - PAGO ONLINE,tipoMetodoPago,,1,1,,1,0,0,2023-09-04 16:21:41,2023-09-04 16:21:41,
75686,134,TARJETA – CHEQUE - PAGO POSTERIOR,tipoMetodoPago,,1,1,,1,0,0,2023-09-04 16:21:41,2023-09-04 16:21:41,
75687,135,TARJETA – CHEQUE - TRANSFERENCIA BANCARIA,tipoMetodoPago,,1,1,,1,0,0,2023-09-04 16:21:41,2023-09-04 16:21:41,
75688,136,TARJETA – CHEQUE - DEPOSITO EN CUENTA,tipoMetodoPago,,1,1,,1,0,0,2023-09-04 16:21:41,2023-09-04 16:21:41,
75689,137,TARJETA – CHEQUE - TRANSFERENCIA SWIFT,tipoMetodoPago,,1,1,,1,0,0,2023-09-04 16:21:41,2023-09-04 16:21:41,
75690,138,TARJETA – CHEQUE - GIFT-CARD,tipoMetodoPago,,1,1,,1,0,0,2023-09-04 16:21:41,2023-09-04 16:21:41,
75691,139,TARJETA – CHEQUE - CANAL DE PAGO,tipoMetodoPago,,1,1,,1,0,0,2023-09-04 16:21:41,2023-09-04 16:21:41,
75692,140,TARJETA – CHEQUE - BILLETERA MOVIL,tipoMetodoPago,,1,1,,1,0,0,2023-09-04 16:21:41,2023-09-04 16:21:41,
75693,141,TARJETA – CHEQUE - PAGO ONLINE,tipoMetodoPago,,1,1,,1,0,0,2023-09-04 16:21:41,2023-09-04 16:21:41,
75694,142,TARJETA – VALES - PAGO POSTERIOR,tipoMetodoPago,,1,1,,1,0,0,2023-09-04 16:21:41,2023-09-04 16:21:41,
75695,143,TARJETA – VALES - TRANSFERENCIA BANCARIA,tipoMetodoPago,,1,1,,1,0,0,2023-09-04 16:21:41,2023-09-04 16:21:41,
75696,144,TARJETA – VALES - DEPOSITO EN CUENTA,tipoMetodoPago,,1,1,,1,0,0,2023-09-04 16:21:41,2023-09-04 16:21:41,
75697,145,TARJETA – VALES - TRANSFERENCIA SWIFT,tipoMetodoPago,,1,1,,1,0,0,2023-09-04 16:21:41,2023-09-04 16:21:41,
75698,146,TARJETA – VALES - GIFT-CARD,tipoMetodoPago,,1,1,,1,0,0,2023-09-04 16:21:41,2023-09-04 16:21:41,
75699,147,TARJETA – VALES - CANAL DE PAGO,tipoMetodoPago,,1,1,,1,0,0,2023-09-04 16:21:41,2023-09-04 16:21:41,
75700,148,TARJETA – VALES - BILLETERA MOVIL,tipoMetodoPago,,1,1,,1,0,0,2023-09-04 16:21:41,2023-09-04 16:21:41,
75701,149,TARJETA – VALES - PAGO ONLINE,tipoMetodoPago,,1,1,,1,0,0,2023-09-04 16:21:41,2023-09-04 16:21:41,
75702,150,TARJETA – PAGO POSTERIOR - TRANSFERENCIA BANCARIA,tipoMetodoPago,,1,1,,1,0,0,2023-09-04 16:21:41,2023-09-04 16:21:41,
75703,151,TARJETA – PAGO POSTERIOR - DEPOSITO EN CUENTA,tipoMetodoPago,,1,1,,1,0,0,2023-09-04 16:21:41,2023-09-04 16:21:41,
75704,152,TARJETA – PAGO POSTERIOR - TRANSFERENCIA SWIFT,tipoMetodoPago,,1,1,,1,0,0,2023-09-04 16:21:41,2023-09-04 16:21:41,
75705,153,TARJETA – PAGO POSTERIOR - GIFT-CARD,tipoMetodoPago,,1,1,,1,0,0,2023-09-04 16:21:41,2023-09-04 16:21:41,
75706,154,TARJETA – PAGO POSTERIOR - CANAL DE PAGO,tipoMetodoPago,,1,1,,1,0,0,2023-09-04 16:21:41,2023-09-04 16:21:41,
75707,155,TARJETA – PAGO POSTERIOR - BILLETERA MOVIL,tipoMetodoPago,,1,1,,1,0,0,2023-09-04 16:21:41,2023-09-04 16:21:41,
75708,156,TARJETA – PAGO POSTERIOR - PAGO ONLINE,tipoMetodoPago,,1,1,,1,0,0,2023-09-04 16:21:41,2023-09-04 16:21:41,
75709,157,TARJETA – TRANSFERENCIA BANCARIA – DEPOSITO EN CUENTA,tipoMetodoPago,,1,1,,1,0,0,2023-09-04 16:21:41,2023-09-04 16:21:41,
75710,158,TARJETA – TRANSFERENCIA BANCARIA - TRANSFERENCIA SWIFT,tipoMetodoPago,,1,1,,1,0,0,2023-09-04 16:21:41,2023-09-04 16:21:41,
75711,159,TARJETA – TRANSFERENCIA BANCARIA – GIFT-CARD,tipoMetodoPago,,1,1,,1,0,0,2023-09-04 16:21:41,2023-09-04 16:21:41,
75712,160,TARJETA – TRANSFERENCIA BANCARIA – CANAL DE PAGO,tipoMetodoPago,,1,1,,1,0,0,2023-09-04 16:21:41,2023-09-04 16:21:41,
75713,161,TARJETA – TRANSFERENCIA  BANCARIA – BILLETERA MOVIL,tipoMetodoPago,,1,1,,1,0,0,2023-09-04 16:21:41,2023-09-04 16:21:41,
75714,162,TARJETA – TRANSFERENCIA BANCARIA – PAGO ONLINE,tipoMetodoPago,,1,1,,1,0,0,2023-09-04 16:21:41,2023-09-04 16:21:41,
75715,163,TARJETA – DEPOSITO EN CUENTA – TRANSFERENCIA SWIFT,tipoMetodoPago,,1,1,,1,0,0,2023-09-04 16:21:41,2023-09-04 16:21:41,
75716,164,TARJETA – DEPOSITO EN CUENTA – GIFT-CARD,tipoMetodoPago,,1,1,,1,0,0,2023-09-04 16:21:41,2023-09-04 16:21:41,
75717,165,TARJETA – DEPOSITO EN CUENTA – CANAL DE PAGO,tipoMetodoPago,,1,1,,1,0,0,2023-09-04 16:21:41,2023-09-04 16:21:41,
75718,166,TARJETA – DEPOSITO EN CUENTA  – BILLETERA MOVIL,tipoMetodoPago,,1,1,,1,0,0,2023-09-04 16:21:41,2023-09-04 16:21:41,
75719,167,TARJETA – DEPOSITO EN CUENTA – PAGO ONLINE,tipoMetodoPago,,1,1,,1,0,0,2023-09-04 16:21:41,2023-09-04 16:21:41,
75720,168,TARJETA – SWIFT - GIFT-CARD,tipoMetodoPago,,1,1,,1,0,0,2023-09-04 16:21:41,2023-09-04 16:21:41,
75721,169,TARJETA – SWIFT - CANAL DE PAGO,tipoMetodoPago,,1,1,,1,0,0,2023-09-04 16:21:41,2023-09-04 16:21:41,
75722,170,TARJETA – SWIFT - BILLETERA MOVIL,tipoMetodoPago,,1,1,,1,0,0,2023-09-04 16:21:41,2023-09-04 16:21:41,
75723,171,TARJETA – SWIFT - PAGO ONLINE,tipoMetodoPago,,1,1,,1,0,0,2023-09-04 16:21:41,2023-09-04 16:21:41,
75724,172,TARJETA – GIFT-CARD - CANAL DE PAGO,tipoMetodoPago,,1,1,,1,0,0,2023-09-04 16:21:41,2023-09-04 16:21:41,
75725,173,TARJETA – GIFT-CARD - BILLETERA MOVIL,tipoMetodoPago,,1,1,,1,0,0,2023-09-04 16:21:41,2023-09-04 16:21:41,
75726,174,TARJETA – GIFT-CARD- PAGO ONLINE,tipoMetodoPago,,1,1,,1,0,0,2023-09-04 16:21:41,2023-09-04 16:21:41,
75727,175,TARJETA – CANAL PAGO - BILLETERA MOVIL,tipoMetodoPago,,1,1,,1,0,0,2023-09-04 16:21:41,2023-09-04 16:21:41,
75728,176,TARJETA – CANAL PAGO - PAGO ONLINE,tipoMetodoPago,,1,1,,1,0,0,2023-09-04 16:21:41,2023-09-04 16:21:41,
75729,177,TARJETA – BILLETERA MOVIL - PAGO ONLINE,tipoMetodoPago,,1,1,,1,0,0,2023-09-04 16:21:41,2023-09-04 16:21:41,
75730,178,CHEQUE – VALES - PAGO POSTERIOR,tipoMetodoPago,,1,1,,1,0,0,2023-09-04 16:21:41,2023-09-04 16:21:41,
75731,179,CHEQUE – VALES - TRANSFERENCIA BANCARIA,tipoMetodoPago,,1,1,,1,0,0,2023-09-04 16:21:41,2023-09-04 16:21:41,
75732,180,CHEQUE – VALES - DEPOSITO EN CUENTA,tipoMetodoPago,,1,1,,1,0,0,2023-09-04 16:21:41,2023-09-04 16:21:41,
75733,181,CHEQUE – VALES - TRANSFERENCIA SWIFT,tipoMetodoPago,,1,1,,1,0,0,2023-09-04 16:21:41,2023-09-04 16:21:41,
75734,182,CHEQUE – VALES - GIFT-CARD,tipoMetodoPago,,1,1,,1,0,0,2023-09-04 16:21:41,2023-09-04 16:21:41,
75735,183,CHEQUE – VALES - CANAL DE PAGO,tipoMetodoPago,,1,1,,1,0,0,2023-09-04 16:21:41,2023-09-04 16:21:41,
75736,184,CHEQUE – VALES - BILLETERA MOVIL,tipoMetodoPago,,1,1,,1,0,0,2023-09-04 16:21:41,2023-09-04 16:21:41,
75737,185,CHEQUE – VALES - PAGO ONLINE,tipoMetodoPago,,1,1,,1,0,0,2023-09-04 16:21:41,2023-09-04 16:21:41,
75738,186,CHEQUE – PAGO POSTERIOR - TRANSFERENCIA BANCARIA,tipoMetodoPago,,1,1,,1,0,0,2023-09-04 16:21:41,2023-09-04 16:21:41,
75739,187,CHEQUE – PAGO POSTERIOR - DEPOSITO EN CUENTA,tipoMetodoPago,,1,1,,1,0,0,2023-09-04 16:21:41,2023-09-04 16:21:41,
75740,188,CHEQUE – PAGO POSTERIOR - TRANSFERENCIA SWIFT,tipoMetodoPago,,1,1,,1,0,0,2023-09-04 16:21:41,2023-09-04 16:21:41,
75741,189,CHEQUE – PAGO POSTERIOR - GIFT-CARD,tipoMetodoPago,,1,1,,1,0,0,2023-09-04 16:21:41,2023-09-04 16:21:41,
75742,190,CHEQUE – PAGO POSTERIOR - CANAL DE PAGO,tipoMetodoPago,,1,1,,1,0,0,2023-09-04 16:21:41,2023-09-04 16:21:41,
75743,191,CHEQUE – PAGO POSTERIOR - BILLETERA MOVIL,tipoMetodoPago,,1,1,,1,0,0,2023-09-04 16:21:41,2023-09-04 16:21:41,
75744,192,CHEQUE – PAGO POSTERIOR - PAGO ONLINE,tipoMetodoPago,,1,1,,1,0,0,2023-09-04 16:21:41,2023-09-04 16:21:41,
75745,193,CHEQUE – TRANSFERENCIA BANCARIA – DEPOSITO EN CUENTA,tipoMetodoPago,,1,1,,1,0,0,2023-09-04 16:21:41,2023-09-04 16:21:41,
75746,194,CHEQUE – TRANSFERENCIA BANCARIA – TRANSFERENCIA SWIFT,tipoMetodoPago,,1,1,,1,0,0,2023-09-04 16:21:41,2023-09-04 16:21:41,
75747,195,CHEQUE – TRANSFERENCIA BANCARIA – GIFT-CARD,tipoMetodoPago,,1,1,,1,0,0,2023-09-04 16:21:41,2023-09-04 16:21:41,
75748,196,CHEQUE – TRANSFERENCIA BANCARIA – CANAL DE PAGO,tipoMetodoPago,,1,1,,1,0,0,2023-09-04 16:21:41,2023-09-04 16:21:41,
75749,197,CHEQUE – TRANSFERENCIA BANCARIA – BILLETERA MOVIL,tipoMetodoPago,,1,1,,1,0,0,2023-09-04 16:21:41,2023-09-04 16:21:41,
75750,198,CHEQUE – TRANSFERENCIA BANCARIA – PAGO ONLINE,tipoMetodoPago,,1,1,,1,0,0,2023-09-04 16:21:41,2023-09-04 16:21:41,
75751,199,CHEQUE – DEPOSITO EN CUENTA - TRANSFERENCIA SWIFT,tipoMetodoPago,,1,1,,1,0,0,2023-09-04 16:21:41,2023-09-04 16:21:41,
75752,200,CHEQUE – DEPOSITO EN CUENTA - GIFT-CARD,tipoMetodoPago,,1,1,,1,0,0,2023-09-04 16:21:41,2023-09-04 16:21:41,
75753,201,CHEQUE – DEPOSITO EN CUENTA - CANAL DE PAGO,tipoMetodoPago,,1,1,,1,0,0,2023-09-04 16:21:41,2023-09-04 16:21:41,
75754,202,CHEQUE – DEPOSITO EN CUENTA - BILLETERA MOVIL,tipoMetodoPago,,1,1,,1,0,0,2023-09-04 16:21:41,2023-09-04 16:21:41,
75755,203,CHEQUE – DEPOSITO EN CUENTA - PAGO ONLINE,tipoMetodoPago,,1,1,,1,0,0,2023-09-04 16:21:41,2023-09-04 16:21:41,
75756,204,CHEQUE – SWIFT - GIFT-CARD,tipoMetodoPago,,1,1,,1,0,0,2023-09-04 16:21:41,2023-09-04 16:21:41,
75757,205,CHEQUE – SWIFT - CANAL DE PAGO,tipoMetodoPago,,1,1,,1,0,0,2023-09-04 16:21:41,2023-09-04 16:21:41,
75758,206,CHEQUE – SWIFT - BILLETERA MOVIL,tipoMetodoPago,,1,1,,1,0,0,2023-09-04 16:21:41,2023-09-04 16:21:41,
75759,207,CHEQUE – SWIFT - PAGO ONLINE,tipoMetodoPago,,1,1,,1,0,0,2023-09-04 16:21:41,2023-09-04 16:21:41,
75760,208,CHEQUE – GIFT-CARD - CANAL DE PAGO,tipoMetodoPago,,1,1,,1,0,0,2023-09-04 16:21:41,2023-09-04 16:21:41,
75761,209,CHEQUE – GIFT-CARD - BILLETERA MOVIL,tipoMetodoPago,,1,1,,1,0,0,2023-09-04 16:21:41,2023-09-04 16:21:41,
75762,210,CHEQUE – GIFT-CARD - PAGO ONLINE,tipoMetodoPago,,1,1,,1,0,0,2023-09-04 16:21:41,2023-09-04 16:21:41,
75763,211,CHEQUE – CANAL PAGO - BILLETERA MOVIL,tipoMetodoPago,,1,1,,1,0,0,2023-09-04 16:21:41,2023-09-04 16:21:41,
75764,212,CHEQUE – CANAL PAGO - PAGO ONLINE,tipoMetodoPago,,1,1,,1,0,0,2023-09-04 16:21:41,2023-09-04 16:21:41,
75765,213,CHEQUE – BILLETERA MOVIL  – PAGO ONLINE,tipoMetodoPago,,1,1,,1,0,0,2023-09-04 16:21:41,2023-09-04 16:21:41,
75766,214,VALES – SWIFT - TRANSFERENCIA BANCARIA,tipoMetodoPago,,1,1,,1,0,0,2023-09-04 16:21:41,2023-09-04 16:21:41,
75767,215,VALES – SWIFT - DEPOSITO EN CUENTA,tipoMetodoPago,,1,1,,1,0,0,2023-09-04 16:21:41,2023-09-04 16:21:41,
75768,216,VALES – SWIFT - TRANSFERENCIA SWIFT,tipoMetodoPago,,1,1,,1,0,0,2023-09-04 16:21:41,2023-09-04 16:21:41,
75769,217,VALES – SWIFT - GIFT-CARD,tipoMetodoPago,,1,1,,1,0,0,2023-09-04 16:21:41,2023-09-04 16:21:41,
75770,218,VALES – SWIFT - CANAL DE PAGO,tipoMetodoPago,,1,1,,1,0,0,2023-09-04 16:21:41,2023-09-04 16:21:41,
75771,219,VALES – SWIFT - BILLETERA MOVIL,tipoMetodoPago,,1,1,,1,0,0,2023-09-04 16:21:41,2023-09-04 16:21:41,
75772,220,VALES – SWIFT - PAGO ONLINE,tipoMetodoPago,,1,1,,1,0,0,2023-09-04 16:21:41,2023-09-04 16:21:41,
75773,221,VALES – GIFT-CARD - DEPOSITO EN CUENTA,tipoMetodoPago,,1,1,,1,0,0,2023-09-04 16:21:41,2023-09-04 16:21:41,
75774,222,VALES – GIFT-CARD - TRANSFERENCIA SWIFT,tipoMetodoPago,,1,1,,1,0,0,2023-09-04 16:21:41,2023-09-04 16:21:41,
75775,223,VALES – GIFT-CARD – TARJETA,tipoMetodoPago,,1,1,,1,0,0,2023-09-04 16:21:41,2023-09-04 16:21:41,
75776,224,VALES – GIFT-CARD - CANAL DE PAGO,tipoMetodoPago,,1,1,,1,0,0,2023-09-04 16:21:41,2023-09-04 16:21:41,
75777,225,VALES – GIFT-CARD - BILLETERA MOVIL,tipoMetodoPago,,1,1,,1,0,0,2023-09-04 16:21:41,2023-09-04 16:21:41,
75778,226,VALES – GIFT-CARD - PAGO ONLINE,tipoMetodoPago,,1,1,,1,0,0,2023-09-04 16:21:41,2023-09-04 16:21:41,
75779,227,VALES – CANAL DE PAGO  – TRANSFERENCIA SWIFT,tipoMetodoPago,,1,1,,1,0,0,2023-09-04 16:21:41,2023-09-04 16:21:41,
75780,228,VALES – CANAL DE PAGO  – GIFT-CARD,tipoMetodoPago,,1,1,,1,0,0,2023-09-04 16:21:41,2023-09-04 16:21:41,
75781,229,VALES – CANAL DE PAGO  – CANAL DE PAGO,tipoMetodoPago,,1,1,,1,0,0,2023-09-04 16:21:41,2023-09-04 16:21:41,
75782,230,VALES – CANAL DE PAGO  – BILLETERA MOVIL,tipoMetodoPago,,1,1,,1,0,0,2023-09-04 16:21:41,2023-09-04 16:21:41,
75783,231,VALES – CANAL DE PAGO  – PAGO ONLINE,tipoMetodoPago,,1,1,,1,0,0,2023-09-04 16:21:41,2023-09-04 16:21:41,
75784,232,VALES – BILLETERA MOVIL – GIFT-CARD,tipoMetodoPago,,1,1,,1,0,0,2023-09-04 16:21:41,2023-09-04 16:21:41,
75785,233,VALES – BILLETERA MOVIL – CANAL DE PAGO,tipoMetodoPago,,1,1,,1,0,0,2023-09-04 16:21:41,2023-09-04 16:21:41,
75786,234,VALES – BILLETERA MOVIL – BILLETERA MOVIL,tipoMetodoPago,,1,1,,1,0,0,2023-09-04 16:21:41,2023-09-04 16:21:41,
75787,235,VALES – BILLETERA MOVIL – PAGO ONLINE,tipoMetodoPago,,1,1,,1,0,0,2023-09-04 16:21:41,2023-09-04 16:21:41,
75788,236,VALES – PAGO ONLINE - CANAL DE PAGO,tipoMetodoPago,,1,1,,1,0,0,2023-09-04 16:21:41,2023-09-04 16:21:41,
75789,237,VALES – PAGO ONLINE - BILLETERA MOVIL,tipoMetodoPago,,1,1,,1,0,0,2023-09-04 16:21:41,2023-09-04 16:21:41,
75790,238,VALES – PAGO ONLINE - PAGO ONLINE,tipoMetodoPago,,1,1,,1,0,0,2023-09-04 16:21:41,2023-09-04 16:21:41,
75791,239,PAGO POSTERIOR – TRANSFERENCIA BANCARIA  – DEPOSITO EN CUENTA,tipoMetodoPago,,1,1,,1,0,0,2023-09-04 16:21:41,2023-09-04 16:21:41,
75792,240,PAGO POSTERIOR – TRANSFERENCIA BANCARIA  – TRANSFERENCIA SWIFT,tipoMetodoPago,,1,1,,1,0,0,2023-09-04 16:21:41,2023-09-04 16:21:41,
75793,241,PAGO POSTERIOR – TRANSFERENCIA BANCARIA  – GIFT-CARD,tipoMetodoPago,,1,1,,1,0,0,2023-09-04 16:21:41,2023-09-04 16:21:41,
75794,242,PAGO POSTERIOR – TRANSFERENCIA BANCARIA  – CANAL DE PAGO,tipoMetodoPago,,1,1,,1,0,0,2023-09-04 16:21:41,2023-09-04 16:21:41,
75795,243,PAGO POSTERIOR – TRANSFERENCIA BANCARIA  – BILLETERA MOVIL,tipoMetodoPago,,1,1,,1,0,0,2023-09-04 16:21:41,2023-09-04 16:21:41,
75796,244,PAGO POSTERIOR – TRANSFERENCIA BANCARIA  – PAGO ONLINE,tipoMetodoPago,,1,1,,1,0,0,2023-09-04 16:21:41,2023-09-04 16:21:41,
75797,245,PAGO POSTERIOR – DEPOSITO EN CUENTA  – TRANSFERENCIA SWIFT,tipoMetodoPago,,1,1,,1,0,0,2023-09-04 16:21:41,2023-09-04 16:21:41,
75798,246,PAGO POSTERIOR – DEPOSITO EN CUENTA  – GIFT-CARD,tipoMetodoPago,,1,1,,1,0,0,2023-09-04 16:21:41,2023-09-04 16:21:41,
75799,247,PAGO POSTERIOR – DEPOSITO EN CUENTA  – CANAL DE PAGO,tipoMetodoPago,,1,1,,1,0,0,2023-09-04 16:21:41,2023-09-04 16:21:41,
75800,248,PAGO POSTERIOR – DEPOSITO EN CUENTA  – BILLETERA MOVIL,tipoMetodoPago,,1,1,,1,0,0,2023-09-04 16:21:41,2023-09-04 16:21:41,
75801,249,PAGO POSTERIOR – DEPOSITO EN CUENTA  – PAGO ONLINE,tipoMetodoPago,,1,1,,1,0,0,2023-09-04 16:21:41,2023-09-04 16:21:41,
75802,250,PAGO POSTERIOR – SWIFT - GIFT-CARD,tipoMetodoPago,,1,1,,1,0,0,2023-09-04 16:21:41,2023-09-04 16:21:41,
75803,251,PAGO POSTERIOR – SWIFT - CANAL DE PAGO,tipoMetodoPago,,1,1,,1,0,0,2023-09-04 16:21:41,2023-09-04 16:21:41,
75804,252,PAGO POSTERIOR – SWIFT - BILLETERA MOVIL,tipoMetodoPago,,1,1,,1,0,0,2023-09-04 16:21:41,2023-09-04 16:21:41,
75805,253,PAGO POSTERIOR – SWIFT - PAGO ONLINE,tipoMetodoPago,,1,1,,1,0,0,2023-09-04 16:21:41,2023-09-04 16:21:41,
75806,254,PAGO POSTERIOR – GIFT-CARD - CANAL DE PAGO,tipoMetodoPago,,1,1,,1,0,0,2023-09-04 16:21:41,2023-09-04 16:21:41,
75807,255,PAGO POSTERIOR – GIFT-CARD - BILLETERA MOVIL,tipoMetodoPago,,1,1,,1,0,0,2023-09-04 16:21:41,2023-09-04 16:21:41,
75808,256,PAGO POSTERIOR – GIFT-CARD - PAGO ONLINE,tipoMetodoPago,,1,1,,1,0,0,2023-09-04 16:21:41,2023-09-04 16:21:41,
75809,257,PAGO POSTERIOR – CANAL DE PAGO - BILLETERA MOVIL,tipoMetodoPago,,1,1,,1,0,0,2023-09-04 16:21:41,2023-09-04 16:21:41,
75810,258,PAGO POSTERIOR – CANAL DE PAGO - PAGO ONLINE,tipoMetodoPago,,1,1,,1,0,0,2023-09-04 16:21:41,2023-09-04 16:21:41,
75811,259,PAGO POSTERIOR – BILLETERA MOVIL - PAGO ONLINE,tipoMetodoPago,,1,1,,1,0,0,2023-09-04 16:21:41,2023-09-04 16:21:41,
75812,260,TRANSFERENCIA BANCARIA – DEPOSITO EN CUENTA  – TRANSFERENCIA SWIFT,tipoMetodoPago,,1,1,,1,0,0,2023-09-04 16:21:41,2023-09-04 16:21:41,
75813,261,TRANSFERENCIA BANCARIA – DEPOSITO  EN CUENTA – GIFT-CARD,tipoMetodoPago,,1,1,,1,0,0,2023-09-04 16:21:41,2023-09-04 16:21:41,
75814,262,TRANSFERENCIA BANCARIA – DEPOSITO  EN CUENTA – CANAL DE PAGO,tipoMetodoPago,,1,1,,1,0,0,2023-09-04 16:21:41,2023-09-04 16:21:41,
75815,263,TRANSFERENCIA BANCARIA – DEPOSITO EN CUENTA   – BILLETERA MOVIL,tipoMetodoPago,,1,1,,1,0,0,2023-09-04 16:21:41,2023-09-04 16:21:41,
75816,264,TRANSFERENCIA BANCARIA– DEPOSITO  EN CUENTA – PAGO ONLINE,tipoMetodoPago,,1,1,,1,0,0,2023-09-04 16:21:41,2023-09-04 16:21:41,
75817,265,TRANSFERENCIA BANCARIA – SWIFT  – GIFT-CARD,tipoMetodoPago,,1,1,,1,0,0,2023-09-04 16:21:41,2023-09-04 16:21:41,
75818,266,TRANSFERENCIA BANCARIA – SWIFT  – CANAL DE PAGO,tipoMetodoPago,,1,1,,1,0,0,2023-09-04 16:21:41,2023-09-04 16:21:41,
75819,267,TRANSFERENCIA BANCARIA – SWIFT  – BILLETERA MOVIL,tipoMetodoPago,,1,1,,1,0,0,2023-09-04 16:21:41,2023-09-04 16:21:41,
75820,268,TRANSFERENCIA BANCARIA – SWIFT  – PAGO ONLINE,tipoMetodoPago,,1,1,,1,0,0,2023-09-04 16:21:41,2023-09-04 16:21:41,
75821,269,TRANSFERENCIA BANCARIA – GIFT-CARD  – CANAL DE PAGO,tipoMetodoPago,,1,1,,1,0,0,2023-09-04 16:21:41,2023-09-04 16:21:41,
75822,270,TRANSFERENCIA BANCARIA – GIFT-CARD  – BILLETERA MOVIL,tipoMetodoPago,,1,1,,1,0,0,2023-09-04 16:21:41,2023-09-04 16:21:41,
75823,271,TRANSFERENCIA BANCARIA – GIFT-CARD  – PAGO ONLINE,tipoMetodoPago,,1,1,,1,0,0,2023-09-04 16:21:41,2023-09-04 16:21:41,
75824,272,TRANSFERENCIA BANCARIA – CANAL DE PAGO – BILLETERA MOVIL,tipoMetodoPago,,1,1,,1,0,0,2023-09-04 16:21:41,2023-09-04 16:21:41,
75825,273,TRANSFERENCIA BANCARIA – CANAL DE PAGO – PAGO ONLINE,tipoMetodoPago,,1,1,,1,0,0,2023-09-04 16:21:41,2023-09-04 16:21:41,
75826,274,TRANSFERENCIA BANCARIA – BILLETERA MOVIL – PAGO ONLINE,tipoMetodoPago,,1,1,,1,0,0,2023-09-04 16:21:41,2023-09-04 16:21:41,
75827,275,DEPOSITO EN CUENTA  – SWIFT  – GIFT-CARD,tipoMetodoPago,,1,1,,1,0,0,2023-09-04 16:21:41,2023-09-04 16:21:41,
75828,276,DEPOSITO EN CUENTA  – SWIFT  – CANAL DE PAGO,tipoMetodoPago,,1,1,,1,0,0,2023-09-04 16:21:41,2023-09-04 16:21:41,
75829,277,DEPOSITO EN CUENTA  – SWIFT  – BILLETERA MOVIL,tipoMetodoPago,,1,1,,1,0,0,2023-09-04 16:21:41,2023-09-04 16:21:41,
75830,278,DEPOSITO EN CUENTA  – SWIFT  – PAGO ONLINE,tipoMetodoPago,,1,1,,1,0,0,2023-09-04 16:21:41,2023-09-04 16:21:41,
75831,279,DEPOSITO EN CUENTA – GIFT-CARD  – CANAL DE PAGO,tipoMetodoPago,,1,1,,1,0,0,2023-09-04 16:21:41,2023-09-04 16:21:41,
75832,280,DEPOSITO EN CUENTA – GIFT-CARD  – BILLETERA MOVIL,tipoMetodoPago,,1,1,,1,0,0,2023-09-04 16:21:41,2023-09-04 16:21:41,
75833,281,DEPOSITO EN CUENTA  – GIFT-CARD  – PAGO ONLINE,tipoMetodoPago,,1,1,,1,0,0,2023-09-04 16:21:41,2023-09-04 16:21:41,
75834,282,DEPOSITO EN CUENTA –  CANAL DE PAGO  – BILLETERA MOVIL,tipoMetodoPago,,1,1,,1,0,0,2023-09-04 16:21:41,2023-09-04 16:21:41,
75835,283,DEPOSITO EN CUENTA – CANAL DE PAGO   – PAGO ONLINE,tipoMetodoPago,,1,1,,1,0,0,2023-09-04 16:21:41,2023-09-04 16:21:41,
75836,284,DEPOSITO EN CUENTA – BILLETERA MOVIL  – PAGO ONLINE,tipoMetodoPago,,1,1,,1,0,0,2023-09-04 16:21:41,2023-09-04 16:21:41,
75837,285,SWIFT – GIFT-CARD - CANAL DE PAGO,tipoMetodoPago,,1,1,,1,0,0,2023-09-04 16:21:41,2023-09-04 16:21:41,
75838,286,SWIFT – GIFT-CARD - BILLETERA MOVIL,tipoMetodoPago,,1,1,,1,0,0,2023-09-04 16:21:41,2023-09-04 16:21:41,
75839,287,SWIFT – GIFT-CARD - PAGO ONLINE,tipoMetodoPago,,1,1,,1,0,0,2023-09-04 16:21:41,2023-09-04 16:21:41,
75840,288,SWIFT – CANAL DE PAGO  – BILLETERA MOVIL,tipoMetodoPago,,1,1,,1,0,0,2023-09-04 16:21:41,2023-09-04 16:21:41,
75841,289,SWIFT – CANAL  DE PAGO – PAGO ONLINE,tipoMetodoPago,,1,1,,1,0,0,2023-09-04 16:21:41,2023-09-04 16:21:41,
75842,290,SWIFT – BILLETERA MOVIL  – PAGO ONLINE,tipoMetodoPago,,1,1,,1,0,0,2023-09-04 16:21:42,2023-09-04 16:21:42,
75843,291,GIFT-CARD – CANAL DE PAGO  – BILLETERA MOVIL,tipoMetodoPago,,1,1,,1,0,0,2023-09-04 16:21:42,2023-09-04 16:21:42,
75844,292,GIFT-CARD – CANAL DE PAGO  – PAGO ONLINE,tipoMetodoPago,,1,1,,1,0,0,2023-09-04 16:21:42,2023-09-04 16:21:42,
75845,293,GIFT-CARD – BILLETERA MOVIL - PAGO ONLINE,tipoMetodoPago,,1,1,,1,0,0,2023-09-04 16:21:42,2023-09-04 16:21:42,
75846,294,CANAL DE PAGO – BILLETERA MOVIL  – PAGO ONLINE,tipoMetodoPago,,1,1,,1,0,0,2023-09-04 16:21:42,2023-09-04 16:21:42,
75847,295,DEBITO AUTOMATICO,tipoMetodoPago,,1,1,,1,0,0,2023-09-04 16:21:42,2023-09-04 16:21:42,
75848,296,DEBITO AUTOMATICO – EFECTIVO,tipoMetodoPago,,1,1,,1,0,0,2023-09-04 16:21:42,2023-09-04 16:21:42,
75849,297,DEBITO AUTOMATICO -TARJETA,tipoMetodoPago,,1,1,,1,0,0,2023-09-04 16:21:42,2023-09-04 16:21:42,
75850,298,DEBITO AUTOMATICO – CHEQUE,tipoMetodoPago,,1,1,,1,0,0,2023-09-04 16:21:42,2023-09-04 16:21:42,
75851,125,CHELÍN SOMALÍ,tipoMoneda,,1,1,,1,0,0,2023-09-04 16:21:42,2023-09-04 16:21:42,
75852,126,RAND,tipoMoneda,,1,1,,1,0,0,2023-09-04 16:21:42,2023-09-04 16:21:42,
75853,127,LIBRA SURSUDANESA,tipoMoneda,,1,1,,1,0,0,2023-09-04 16:21:42,2023-09-04 16:21:42,
75854,128,RUPIA CEILANDESA,tipoMoneda,,1,1,,1,0,0,2023-09-04 16:21:42,2023-09-04 16:21:42,
75855,129,LIBRA SUDANESA,tipoMoneda,,1,1,,1,0,0,2023-09-04 16:21:42,2023-09-04 16:21:42,
75856,130,DÓLAR SURINAMÉS,tipoMoneda,,1,1,,1,0,0,2023-09-04 16:21:42,2023-09-04 16:21:42,
75857,131,LILANGENI,tipoMoneda,,1,1,,1,0,0,2023-09-04 16:21:42,2023-09-04 16:21:42,
75858,132,CORONA SUECA,tipoMoneda,,1,1,,1,0,0,2023-09-04 16:21:42,2023-09-04 16:21:42,
75859,133,FRANCO SUIZO,tipoMoneda,,1,1,,1,0,0,2023-09-04 16:21:42,2023-09-04 16:21:42,
75860,134,LIBRA SIRIA,tipoMoneda,,1,1,,1,0,0,2023-09-04 16:21:42,2023-09-04 16:21:42,
75861,135,NUEVO DÓLAR DE TAIWÁN,tipoMoneda,,1,1,,1,0,0,2023-09-04 16:21:42,2023-09-04 16:21:42,
75862,136,SOMONI,tipoMoneda,,1,1,,1,0,0,2023-09-04 16:21:42,2023-09-04 16:21:42,
75863,137,CHELÍN TANZANIANO,tipoMoneda,,1,1,,1,0,0,2023-09-04 16:21:42,2023-09-04 16:21:42,
75864,138,BAT,tipoMoneda,,1,1,,1,0,0,2023-09-04 16:21:42,2023-09-04 16:21:42,
75865,139,PAANGA,tipoMoneda,,1,1,,1,0,0,2023-09-04 16:21:42,2023-09-04 16:21:42,
75866,140,DÓLAR TRINITENSE,tipoMoneda,,1,1,,1,0,0,2023-09-04 16:21:42,2023-09-04 16:21:42,
75867,141,DINAR TUNECINO,tipoMoneda,,1,1,,1,0,0,2023-09-04 16:21:42,2023-09-04 16:21:42,
75868,142,LIRA TURCA,tipoMoneda,,1,1,,1,0,0,2023-09-04 16:21:42,2023-09-04 16:21:42,
75869,143,MANAT TURCOMANO,tipoMoneda,,1,1,,1,0,0,2023-09-04 16:21:42,2023-09-04 16:21:42,
75870,144,CHELÍN UGANDÉS,tipoMoneda,,1,1,,1,0,0,2023-09-04 16:21:42,2023-09-04 16:21:42,
75871,145,GRIVNA,tipoMoneda,,1,1,,1,0,0,2023-09-04 16:21:42,2023-09-04 16:21:42,
75872,146,PESO URUGUAYO,tipoMoneda,,1,1,,1,0,0,2023-09-04 16:21:42,2023-09-04 16:21:42,
75873,147,SUM,tipoMoneda,,1,1,,1,0,0,2023-09-04 16:21:42,2023-09-04 16:21:42,
75874,148,VATU DO VANUATU,tipoMoneda,,1,1,,1,0,0,2023-09-04 16:21:42,2023-09-04 16:21:42,
75875,149,BOLÍVAR FUERTE,tipoMoneda,,1,1,,1,0,0,2023-09-04 16:21:42,2023-09-04 16:21:42,
75876,150,DONG,tipoMoneda,,1,1,,1,0,0,2023-09-04 16:21:42,2023-09-04 16:21:42,
75877,151,RIAL YEMENÍ,tipoMoneda,,1,1,,1,0,0,2023-09-04 16:21:42,2023-09-04 16:21:42,
75878,152,KUACHA ZAMBIANO,tipoMoneda,,1,1,,1,0,0,2023-09-04 16:21:42,2023-09-04 16:21:42,
75879,153,DÓLAR ZIMBABUENSE,tipoMoneda,,1,1,,1,0,0,2023-09-04 16:21:42,2023-09-04 16:21:42,
75880,3,AFGANI,tipoMoneda,,1,1,,1,0,0,2023-09-04 16:21:42,2023-09-04 16:21:42,
75881,4,LEK,tipoMoneda,,1,1,,1,0,0,2023-09-04 16:21:42,2023-09-04 16:21:42,
75882,5,LIBRA ESTERLINA,tipoMoneda,,1,1,,1,0,0,2023-09-04 16:21:42,2023-09-04 16:21:42,
75883,6,DINAR,tipoMoneda,,1,1,,1,0,0,2023-09-04 16:21:42,2023-09-04 16:21:42,
75884,7,EURO,tipoMoneda,,1,1,,1,0,0,2023-09-04 16:21:42,2023-09-04 16:21:42,
75885,8,KUANZA DE ANGOLA,tipoMoneda,,1,1,,1,0,0,2023-09-04 16:21:42,2023-09-04 16:21:42,
75886,9,PESO ARGENTINO,tipoMoneda,,1,1,,1,0,0,2023-09-04 16:21:42,2023-09-04 16:21:42,
75887,10,DRAM ARMENIO,tipoMoneda,,1,1,,1,0,0,2023-09-04 16:21:42,2023-09-04 16:21:42,
75888,11,FLORÍN ARUBANO,tipoMoneda,,1,1,,1,0,0,2023-09-04 16:21:42,2023-09-04 16:21:42,
75889,12,DÓLAR AUSTRALIANO,tipoMoneda,,1,1,,1,0,0,2023-09-04 16:21:42,2023-09-04 16:21:42,
75890,13,MANAT AZERBAYANO,tipoMoneda,,1,1,,1,0,0,2023-09-04 16:21:42,2023-09-04 16:21:42,
75891,14,DÓLAR DE LAS BAHAMAS,tipoMoneda,,1,1,,1,0,0,2023-09-04 16:21:42,2023-09-04 16:21:42,
75892,15,DINAR DE BARÉIN,tipoMoneda,,1,1,,1,0,0,2023-09-04 16:21:42,2023-09-04 16:21:42,
75968,89,UGUIYA,tipoMoneda,,1,1,,1,0,0,2023-09-04 16:21:42,2023-09-04 16:21:42,
75893,16,TAKA DE BANGLADÉS,tipoMoneda,,1,1,,1,0,0,2023-09-04 16:21:42,2023-09-04 16:21:42,
75894,17,DÓLAR DE LAS BARBADOS,tipoMoneda,,1,1,,1,0,0,2023-09-04 16:21:42,2023-09-04 16:21:42,
75895,18,RUBLO BIELORRUSO,tipoMoneda,,1,1,,1,0,0,2023-09-04 16:21:42,2023-09-04 16:21:42,
75896,19,DÓLAR BELICEÑO,tipoMoneda,,1,1,,1,0,0,2023-09-04 16:21:42,2023-09-04 16:21:42,
75897,20,GULTRUM BUTANÉS,tipoMoneda,,1,1,,1,0,0,2023-09-04 16:21:42,2023-09-04 16:21:42,
75898,21,MARCO CONVERTIBLE DE BOSNIA Y HERZEGOVINA,tipoMoneda,,1,1,,1,0,0,2023-09-04 16:21:42,2023-09-04 16:21:42,
75899,22,PULA DE BOTSUANA,tipoMoneda,,1,1,,1,0,0,2023-09-04 16:21:42,2023-09-04 16:21:42,
75900,23,REAL BRASILEÑO,tipoMoneda,,1,1,,1,0,0,2023-09-04 16:21:42,2023-09-04 16:21:42,
75901,24,DÓLAR DE BRUNEI,tipoMoneda,,1,1,,1,0,0,2023-09-04 16:21:42,2023-09-04 16:21:42,
75902,25,LEVA BÚLGARO,tipoMoneda,,1,1,,1,0,0,2023-09-04 16:21:42,2023-09-04 16:21:42,
75903,26,FRANCO CFA,tipoMoneda,,1,1,,1,0,0,2023-09-04 16:21:42,2023-09-04 16:21:42,
75904,27,KIAT DE BIRMANIA,tipoMoneda,,1,1,,1,0,0,2023-09-04 16:21:42,2023-09-04 16:21:42,
75905,28,FRANCO BURUNDÉS,tipoMoneda,,1,1,,1,0,0,2023-09-04 16:21:42,2023-09-04 16:21:42,
75906,29,RIEL CAMBOYANO,tipoMoneda,,1,1,,1,0,0,2023-09-04 16:21:42,2023-09-04 16:21:42,
75907,30,DÓLAR CANADIENSE,tipoMoneda,,1,1,,1,0,0,2023-09-04 16:21:42,2023-09-04 16:21:42,
75908,31,ESCUDO DE CABO VERDE,tipoMoneda,,1,1,,1,0,0,2023-09-04 16:21:42,2023-09-04 16:21:42,
75909,32,DÓLAR DE LAS ISLAS CAIMÁN,tipoMoneda,,1,1,,1,0,0,2023-09-04 16:21:42,2023-09-04 16:21:42,
75910,33,PESO CHILENO,tipoMoneda,,1,1,,1,0,0,2023-09-04 16:21:42,2023-09-04 16:21:42,
75911,34,"YUAN, RENMINBI",tipoMoneda,,1,1,,1,0,0,2023-09-04 16:21:42,2023-09-04 16:21:42,
75912,35,PESO COLOMBIANO,tipoMoneda,,1,1,,1,0,0,2023-09-04 16:21:42,2023-09-04 16:21:42,
75913,36,FRANCO COMORANO,tipoMoneda,,1,1,,1,0,0,2023-09-04 16:21:42,2023-09-04 16:21:42,
75914,37,FRANCO CONGOLEÑO,tipoMoneda,,1,1,,1,0,0,2023-09-04 16:21:42,2023-09-04 16:21:42,
75915,38,COLÓN COSTARRICENSE,tipoMoneda,,1,1,,1,0,0,2023-09-04 16:21:42,2023-09-04 16:21:42,
75916,39,KUNA CROATA,tipoMoneda,,1,1,,1,0,0,2023-09-04 16:21:42,2023-09-04 16:21:42,
75917,40,PESO CUBANO,tipoMoneda,,1,1,,1,0,0,2023-09-04 16:21:42,2023-09-04 16:21:42,
75918,41,FLORÍN DE LAS ANTILLAS NEERLANDESAS,tipoMoneda,,1,1,,1,0,0,2023-09-04 16:21:42,2023-09-04 16:21:42,
75919,42,CORONA CHECA,tipoMoneda,,1,1,,1,0,0,2023-09-04 16:21:42,2023-09-04 16:21:42,
75920,43,CORONA DANESA,tipoMoneda,,1,1,,1,0,0,2023-09-04 16:21:42,2023-09-04 16:21:42,
75921,44,FRANCO YIBUTIANO,tipoMoneda,,1,1,,1,0,0,2023-09-04 16:21:42,2023-09-04 16:21:42,
75922,45,PESO DOMINICANO,tipoMoneda,,1,1,,1,0,0,2023-09-04 16:21:42,2023-09-04 16:21:42,
75923,46,DÓLAR ESTADOUNIDENSE,tipoMoneda,,1,1,,1,0,0,2023-09-04 16:21:42,2023-09-04 16:21:42,
75924,47,LIBRA EGIPCIA,tipoMoneda,,1,1,,1,0,0,2023-09-04 16:21:42,2023-09-04 16:21:42,
75925,48,COLÓN SALVADOREÑO,tipoMoneda,,1,1,,1,0,0,2023-09-04 16:21:42,2023-09-04 16:21:42,
75926,49,NAKFA DE ERITREA,tipoMoneda,,1,1,,1,0,0,2023-09-04 16:21:42,2023-09-04 16:21:42,
75927,50,BIR,tipoMoneda,,1,1,,1,0,0,2023-09-04 16:21:42,2023-09-04 16:21:42,
75928,51,FRANCO CFP,tipoMoneda,,1,1,,1,0,0,2023-09-04 16:21:42,2023-09-04 16:21:42,
75929,52,DALASI GAMBIANO,tipoMoneda,,1,1,,1,0,0,2023-09-04 16:21:42,2023-09-04 16:21:42,
75930,53,LARI GEORGIANO,tipoMoneda,,1,1,,1,0,0,2023-09-04 16:21:42,2023-09-04 16:21:42,
75931,54,CEDI DE GANA,tipoMoneda,,1,1,,1,0,0,2023-09-04 16:21:42,2023-09-04 16:21:42,
75932,55,LIBRA DE GIBRALTAR,tipoMoneda,,1,1,,1,0,0,2023-09-04 16:21:42,2023-09-04 16:21:42,
75933,56,QUETZAL,tipoMoneda,,1,1,,1,0,0,2023-09-04 16:21:42,2023-09-04 16:21:42,
75934,57,FRANCO GUINEANO,tipoMoneda,,1,1,,1,0,0,2023-09-04 16:21:42,2023-09-04 16:21:42,
75935,58,GURDE,tipoMoneda,,1,1,,1,0,0,2023-09-04 16:21:42,2023-09-04 16:21:42,
75936,59,LEMPIRA,tipoMoneda,,1,1,,1,0,0,2023-09-04 16:21:42,2023-09-04 16:21:42,
75937,60,FORINTO,tipoMoneda,,1,1,,1,0,0,2023-09-04 16:21:42,2023-09-04 16:21:42,
75938,61,CORONA ISLANDESA,tipoMoneda,,1,1,,1,0,0,2023-09-04 16:21:42,2023-09-04 16:21:42,
75939,62,RUPIA INDIA,tipoMoneda,,1,1,,1,0,0,2023-09-04 16:21:42,2023-09-04 16:21:42,
75940,1,BOLIVIANO,tipoMoneda,,1,1,,1,0,0,2023-09-04 16:21:42,2023-09-04 16:21:42,
75941,63,RUPIA INDONESIA,tipoMoneda,,1,1,,1,0,0,2023-09-04 16:21:42,2023-09-04 16:21:42,
75942,2,DOLAR,tipoMoneda,,1,1,,1,0,0,2023-09-04 16:21:42,2023-09-04 16:21:42,
75943,64,RIAL IRANÍ,tipoMoneda,,1,1,,1,0,0,2023-09-04 16:21:42,2023-09-04 16:21:42,
75944,65,DINAR IRAKÍ,tipoMoneda,,1,1,,1,0,0,2023-09-04 16:21:42,2023-09-04 16:21:42,
75945,66,NUEVO SÉQUEL,tipoMoneda,,1,1,,1,0,0,2023-09-04 16:21:42,2023-09-04 16:21:42,
75946,67,DÓLAR JAMAICANO,tipoMoneda,,1,1,,1,0,0,2023-09-04 16:21:42,2023-09-04 16:21:42,
75947,68,YEN,tipoMoneda,,1,1,,1,0,0,2023-09-04 16:21:42,2023-09-04 16:21:42,
75948,69,DINAR JORDANO,tipoMoneda,,1,1,,1,0,0,2023-09-04 16:21:42,2023-09-04 16:21:42,
75949,70,TENGUE KAZAJO,tipoMoneda,,1,1,,1,0,0,2023-09-04 16:21:42,2023-09-04 16:21:42,
75950,71,CHELÍN KENIANO,tipoMoneda,,1,1,,1,0,0,2023-09-04 16:21:42,2023-09-04 16:21:42,
75951,72,WON NORCOREANO,tipoMoneda,,1,1,,1,0,0,2023-09-04 16:21:42,2023-09-04 16:21:42,
75952,73,WON SURCOREANO,tipoMoneda,,1,1,,1,0,0,2023-09-04 16:21:42,2023-09-04 16:21:42,
75953,74,DINAR KUWAITÍ,tipoMoneda,,1,1,,1,0,0,2023-09-04 16:21:42,2023-09-04 16:21:42,
75954,75,SOM KIRGUÍS,tipoMoneda,,1,1,,1,0,0,2023-09-04 16:21:42,2023-09-04 16:21:42,
75955,76,KIP,tipoMoneda,,1,1,,1,0,0,2023-09-04 16:21:42,2023-09-04 16:21:42,
75956,77,LATS,tipoMoneda,,1,1,,1,0,0,2023-09-04 16:21:42,2023-09-04 16:21:42,
75957,78,LIBRA LIBANESA,tipoMoneda,,1,1,,1,0,0,2023-09-04 16:21:42,2023-09-04 16:21:42,
75958,79,LOTI DE LESOTO,tipoMoneda,,1,1,,1,0,0,2023-09-04 16:21:42,2023-09-04 16:21:42,
75959,80,DÓLAR LIBERIANO,tipoMoneda,,1,1,,1,0,0,2023-09-04 16:21:42,2023-09-04 16:21:42,
75960,81,DINAR LIBIO,tipoMoneda,,1,1,,1,0,0,2023-09-04 16:21:42,2023-09-04 16:21:42,
75961,82,LITAS,tipoMoneda,,1,1,,1,0,0,2023-09-04 16:21:42,2023-09-04 16:21:42,
75962,83,PATACA DE MACAO,tipoMoneda,,1,1,,1,0,0,2023-09-04 16:21:42,2023-09-04 16:21:42,
75963,84,DENAR,tipoMoneda,,1,1,,1,0,0,2023-09-04 16:21:42,2023-09-04 16:21:42,
75964,85,ARIARI,tipoMoneda,,1,1,,1,0,0,2023-09-04 16:21:42,2023-09-04 16:21:42,
75965,86,KUACHA DE MALAUI,tipoMoneda,,1,1,,1,0,0,2023-09-04 16:21:42,2023-09-04 16:21:42,
75966,87,RINGIT,tipoMoneda,,1,1,,1,0,0,2023-09-04 16:21:42,2023-09-04 16:21:42,
75967,88,RUFIYA,tipoMoneda,,1,1,,1,0,0,2023-09-04 16:21:42,2023-09-04 16:21:42,
75969,90,RUPIA DE MAURICIO,tipoMoneda,,1,1,,1,0,0,2023-09-04 16:21:42,2023-09-04 16:21:42,
75970,91,PESO MEXICANO,tipoMoneda,,1,1,,1,0,0,2023-09-04 16:21:42,2023-09-04 16:21:42,
75971,92,DÓLAR MICRONESIO,tipoMoneda,,1,1,,1,0,0,2023-09-04 16:21:42,2023-09-04 16:21:42,
75972,93,LEU MOLDAVO,tipoMoneda,,1,1,,1,0,0,2023-09-04 16:21:42,2023-09-04 16:21:42,
75973,94,TUGRIK MONGOL,tipoMoneda,,1,1,,1,0,0,2023-09-04 16:21:42,2023-09-04 16:21:42,
75974,95,DÍRHAM,tipoMoneda,,1,1,,1,0,0,2023-09-04 16:21:42,2023-09-04 16:21:42,
75975,96,METICAL,tipoMoneda,,1,1,,1,0,0,2023-09-04 16:21:42,2023-09-04 16:21:42,
75976,97,DÓLAR DE NAMIBIA,tipoMoneda,,1,1,,1,0,0,2023-09-04 16:21:42,2023-09-04 16:21:42,
75977,98,DÓLAR NAURUANO,tipoMoneda,,1,1,,1,0,0,2023-09-04 16:21:42,2023-09-04 16:21:42,
75978,99,RUPIA NEPALÍ,tipoMoneda,,1,1,,1,0,0,2023-09-04 16:21:42,2023-09-04 16:21:42,
75979,100,DÓLAR DE NUEVA ZELANDA,tipoMoneda,,1,1,,1,0,0,2023-09-04 16:21:42,2023-09-04 16:21:42,
75980,101,CÓRDOBA NICARAGÜENSE,tipoMoneda,,1,1,,1,0,0,2023-09-04 16:21:42,2023-09-04 16:21:42,
75981,102,NAIRA NIGERIANO,tipoMoneda,,1,1,,1,0,0,2023-09-04 16:21:42,2023-09-04 16:21:42,
75982,103,CORONA NORUEGA,tipoMoneda,,1,1,,1,0,0,2023-09-04 16:21:42,2023-09-04 16:21:42,
75983,104,RIAL DE OMÁN,tipoMoneda,,1,1,,1,0,0,2023-09-04 16:21:42,2023-09-04 16:21:42,
75984,105,RUPIA PAKISTANÍ,tipoMoneda,,1,1,,1,0,0,2023-09-04 16:21:42,2023-09-04 16:21:42,
75985,106,BALBOA PANAMEÑO,tipoMoneda,,1,1,,1,0,0,2023-09-04 16:21:42,2023-09-04 16:21:42,
75986,107,KINA,tipoMoneda,,1,1,,1,0,0,2023-09-04 16:21:42,2023-09-04 16:21:42,
75987,108,GUARANÍ PARAGUAYO,tipoMoneda,,1,1,,1,0,0,2023-09-04 16:21:42,2023-09-04 16:21:42,
75988,109,NUEVO SOL PERUANO,tipoMoneda,,1,1,,1,0,0,2023-09-04 16:21:42,2023-09-04 16:21:42,
75989,110,PESO FILIPINO,tipoMoneda,,1,1,,1,0,0,2023-09-04 16:21:42,2023-09-04 16:21:42,
75990,111,ZLOTI,tipoMoneda,,1,1,,1,0,0,2023-09-04 16:21:42,2023-09-04 16:21:42,
75991,112,RIAL CATARÍ,tipoMoneda,,1,1,,1,0,0,2023-09-04 16:21:42,2023-09-04 16:21:42,
75992,113,LEU RUMANO,tipoMoneda,,1,1,,1,0,0,2023-09-04 16:21:42,2023-09-04 16:21:42,
75993,114,RUBLO,tipoMoneda,,1,1,,1,0,0,2023-09-04 16:21:42,2023-09-04 16:21:42,
75994,115,FRANCO RUANDÉS,tipoMoneda,,1,1,,1,0,0,2023-09-04 16:21:42,2023-09-04 16:21:42,
75995,116,DÓLAR DEL CARIBE ORIENTAL,tipoMoneda,,1,1,,1,0,0,2023-09-04 16:21:42,2023-09-04 16:21:42,
75996,117,TALA,tipoMoneda,,1,1,,1,0,0,2023-09-04 16:21:42,2023-09-04 16:21:42,
75997,118,DOBRA,tipoMoneda,,1,1,,1,0,0,2023-09-04 16:21:42,2023-09-04 16:21:42,
75998,119,RIAL SAUDÍ,tipoMoneda,,1,1,,1,0,0,2023-09-04 16:21:42,2023-09-04 16:21:42,
75999,120,DINAR SERBIO,tipoMoneda,,1,1,,1,0,0,2023-09-04 16:21:42,2023-09-04 16:21:42,
76000,121,RUPIA SEYCHELLENSE,tipoMoneda,,1,1,,1,0,0,2023-09-04 16:21:42,2023-09-04 16:21:42,
76001,122,LEONA,tipoMoneda,,1,1,,1,0,0,2023-09-04 16:21:42,2023-09-04 16:21:42,
76002,123,DÓLAR SINGAPURENSE,tipoMoneda,,1,1,,1,0,0,2023-09-04 16:21:42,2023-09-04 16:21:42,
76003,124,DÓLAR SALOMONENSE,tipoMoneda,,1,1,,1,0,0,2023-09-04 16:21:42,2023-09-04 16:21:42,
76004,1,PUNTO VENTA COMISIONISTA,puntoVenta,,1,1,,1,0,0,2023-09-04 16:21:43,2023-09-04 16:21:43,
76005,2,PUNTO VENTA VENTANILLA DE COBRANZA,puntoVenta,,1,1,,1,0,0,2023-09-04 16:21:43,2023-09-04 16:21:43,
76006,6,PUNTO DE VENTA CONJUNTA,puntoVenta,,1,1,,1,0,0,2023-09-04 16:21:43,2023-09-04 16:21:43,
76007,3,PUNTO DE VENTA MOVILES,puntoVenta,,1,1,,1,0,0,2023-09-04 16:21:43,2023-09-04 16:21:43,
76008,4,PUNTO DE VENTA YPFB,puntoVenta,,1,1,,1,0,0,2023-09-04 16:21:43,2023-09-04 16:21:43,
76009,5,PUNTO DE VENTA CAJEROS,puntoVenta,,1,1,,1,0,0,2023-09-04 16:21:43,2023-09-04 16:21:43,
76010,4,DOCUMENTO EQUIVALENTE,tipoFactura,,1,1,,1,0,0,2023-09-04 16:21:43,2023-09-04 16:21:43,
76011,1,FACTURA CON DERECHO A CREDITO FISCAL,tipoFactura,,1,1,,1,0,0,2023-09-04 16:21:43,2023-09-04 16:21:43,
76012,3,DOCUMENTO DE AJUSTE,tipoFactura,,1,1,,1,0,0,2023-09-04 16:21:43,2023-09-04 16:21:43,
76013,2,FACTURA SIN DERECHO A CREDITO FISCAL,tipoFactura,,1,1,,1,0,0,2023-09-04 16:21:43,2023-09-04 16:21:43,
76014,38,MILLARES,unidadMedida,,1,1,,1,0,0,2023-09-04 16:21:44,2023-09-04 16:21:44,
76015,39,MILLON DE UNIDADES,unidadMedida,,1,1,,1,0,0,2023-09-04 16:21:44,2023-09-04 16:21:44,
76016,40,ONZAS,unidadMedida,,1,1,,1,0,0,2023-09-04 16:21:44,2023-09-04 16:21:44,
76017,41,PALETAS,unidadMedida,,1,1,,1,0,0,2023-09-04 16:21:44,2023-09-04 16:21:44,
76018,42,PAQUETE,unidadMedida,,1,1,,1,0,0,2023-09-04 16:21:44,2023-09-04 16:21:44,
76019,43,PAR,unidadMedida,,1,1,,1,0,0,2023-09-04 16:21:44,2023-09-04 16:21:44,
76020,44,PIES,unidadMedida,,1,1,,1,0,0,2023-09-04 16:21:44,2023-09-04 16:21:44,
76021,45,PIES CUADRADOS,unidadMedida,,1,1,,1,0,0,2023-09-04 16:21:44,2023-09-04 16:21:44,
76022,108,AMORTIZACION,unidadMedida,,1,1,,1,0,0,2023-09-04 16:21:44,2023-09-04 16:21:44,
76023,46,PIES CUBICOS,unidadMedida,,1,1,,1,0,0,2023-09-04 16:21:44,2023-09-04 16:21:44,
76024,47,PIEZAS,unidadMedida,,1,1,,1,0,0,2023-09-04 16:21:44,2023-09-04 16:21:44,
76025,48,PLACAS,unidadMedida,,1,1,,1,0,0,2023-09-04 16:21:44,2023-09-04 16:21:44,
76026,49,PLIEGO,unidadMedida,,1,1,,1,0,0,2023-09-04 16:21:44,2023-09-04 16:21:44,
76027,70,ROLLO,unidadMedida,,1,1,,1,0,0,2023-09-04 16:21:44,2023-09-04 16:21:44,
76028,50,PULGADAS,unidadMedida,,1,1,,1,0,0,2023-09-04 16:21:44,2023-09-04 16:21:44,
76029,71,HORAS,unidadMedida,,1,1,,1,0,0,2023-09-04 16:21:44,2023-09-04 16:21:44,
76030,51,RESMA,unidadMedida,,1,1,,1,0,0,2023-09-04 16:21:44,2023-09-04 16:21:44,
76031,52,TAMBOR,unidadMedida,,1,1,,1,0,0,2023-09-04 16:21:44,2023-09-04 16:21:44,
76032,53,TONELADA CORTA,unidadMedida,,1,1,,1,0,0,2023-09-04 16:21:44,2023-09-04 16:21:44,
76033,54,TONELADA LARGA,unidadMedida,,1,1,,1,0,0,2023-09-04 16:21:44,2023-09-04 16:21:44,
76034,63,ONZA TROY,unidadMedida,,1,1,,1,0,0,2023-09-04 16:21:44,2023-09-04 16:21:44,
76035,55,TONELADAS,unidadMedida,,1,1,,1,0,0,2023-09-04 16:21:44,2023-09-04 16:21:44,
76036,72,AGUJA,unidadMedida,,1,1,,1,0,0,2023-09-04 16:21:44,2023-09-04 16:21:44,
76037,64,LIBRA FINA,unidadMedida,,1,1,,1,0,0,2023-09-04 16:21:44,2023-09-04 16:21:44,
76038,56,TUBOS,unidadMedida,,1,1,,1,0,0,2023-09-04 16:21:44,2023-09-04 16:21:44,
76039,73,AMPOLLA,unidadMedida,,1,1,,1,0,0,2023-09-04 16:21:44,2023-09-04 16:21:44,
76040,57,UNIDAD (BIENES),unidadMedida,,1,1,,1,0,0,2023-09-04 16:21:44,2023-09-04 16:21:44,
76041,74,BIDÓN,unidadMedida,,1,1,,1,0,0,2023-09-04 16:21:44,2023-09-04 16:21:44,
76042,58,UNIDAD (SERVICIOS),unidadMedida,,1,1,,1,0,0,2023-09-04 16:21:44,2023-09-04 16:21:44,
76043,75,BOLSA,unidadMedida,,1,1,,1,0,0,2023-09-04 16:21:44,2023-09-04 16:21:44,
76044,59,"US GALON (3,7843 L)",unidadMedida,,1,1,,1,0,0,2023-09-04 16:21:44,2023-09-04 16:21:44,
76045,76,CAPSULA,unidadMedida,,1,1,,1,0,0,2023-09-04 16:21:44,2023-09-04 16:21:44,
76046,60,YARDA,unidadMedida,,1,1,,1,0,0,2023-09-04 16:21:44,2023-09-04 16:21:44,
76047,77,CARTUCHO,unidadMedida,,1,1,,1,0,0,2023-09-04 16:21:44,2023-09-04 16:21:44,
76048,61,YARDA CUADRADA,unidadMedida,,1,1,,1,0,0,2023-09-04 16:21:44,2023-09-04 16:21:44,
76049,78,COMPRIMIDO,unidadMedida,,1,1,,1,0,0,2023-09-04 16:21:44,2023-09-04 16:21:44,
76050,62,OTRO,unidadMedida,,1,1,,1,0,0,2023-09-04 16:21:44,2023-09-04 16:21:44,
76051,79,ESTUCHE,unidadMedida,,1,1,,1,0,0,2023-09-04 16:21:44,2023-09-04 16:21:44,
76052,80,FRASCO,unidadMedida,,1,1,,1,0,0,2023-09-04 16:21:44,2023-09-04 16:21:44,
76053,81,JERINGA,unidadMedida,,1,1,,1,0,0,2023-09-04 16:21:44,2023-09-04 16:21:44,
76054,82,MINI BOTELLA,unidadMedida,,1,1,,1,0,0,2023-09-04 16:21:44,2023-09-04 16:21:44,
76055,83,SACHET,unidadMedida,,1,1,,1,0,0,2023-09-04 16:21:44,2023-09-04 16:21:44,
76056,84,TABLETA,unidadMedida,,1,1,,1,0,0,2023-09-04 16:21:44,2023-09-04 16:21:44,
76057,85,TERMO,unidadMedida,,1,1,,1,0,0,2023-09-04 16:21:44,2023-09-04 16:21:44,
76058,86,TUBO,unidadMedida,,1,1,,1,0,0,2023-09-04 16:21:44,2023-09-04 16:21:44,
76059,65,DISPLAY,unidadMedida,,1,1,,1,0,0,2023-09-04 16:21:44,2023-09-04 16:21:44,
76060,66,BULTO,unidadMedida,,1,1,,1,0,0,2023-09-04 16:21:44,2023-09-04 16:21:44,
76061,109,OVULOS,unidadMedida,,1,1,,1,0,0,2023-09-04 16:21:44,2023-09-04 16:21:44,
76062,110,SUPOSITORIOS,unidadMedida,,1,1,,1,0,0,2023-09-04 16:21:44,2023-09-04 16:21:44,
76063,111,SOBRES,unidadMedida,,1,1,,1,0,0,2023-09-04 16:21:44,2023-09-04 16:21:44,
76064,112,VIAL,unidadMedida,,1,1,,1,0,0,2023-09-04 16:21:44,2023-09-04 16:21:44,
76065,113,HECTAREAS,unidadMedida,,1,1,,1,0,0,2023-09-04 16:21:44,2023-09-04 16:21:44,
76066,114,ARROBA,unidadMedida,,1,1,,1,0,0,2023-09-04 16:21:44,2023-09-04 16:21:44,
76067,115,AEROSOL,unidadMedida,,1,1,,1,0,0,2023-09-04 16:21:44,2023-09-04 16:21:44,
76068,116,BARRA,unidadMedida,,1,1,,1,0,0,2023-09-04 16:21:44,2023-09-04 16:21:44,
76069,117,CONJUNTO,unidadMedida,,1,1,,1,0,0,2023-09-04 16:21:44,2023-09-04 16:21:44,
76070,118,FANEGA,unidadMedida,,1,1,,1,0,0,2023-09-04 16:21:44,2023-09-04 16:21:44,
76071,119,PACK,unidadMedida,,1,1,,1,0,0,2023-09-04 16:21:44,2023-09-04 16:21:44,
76072,122,PASTILLA,unidadMedida,,1,1,,1,0,0,2023-09-04 16:21:44,2023-09-04 16:21:44,
76073,120,PIPETA,unidadMedida,,1,1,,1,0,0,2023-09-04 16:21:44,2023-09-04 16:21:44,
76074,121,POTE,unidadMedida,,1,1,,1,0,0,2023-09-04 16:21:44,2023-09-04 16:21:44,
76075,123,TONELADA METRICA,unidadMedida,,1,1,,1,0,0,2023-09-04 16:21:44,2023-09-04 16:21:44,
76076,124,EQUIPOS,unidadMedida,,1,1,,1,0,0,2023-09-04 16:21:44,2023-09-04 16:21:44,
76077,105,TIRA,unidadMedida,,1,1,,1,0,0,2023-09-04 16:21:44,2023-09-04 16:21:44,
76078,104,BLISTER,unidadMedida,,1,1,,1,0,0,2023-09-04 16:21:44,2023-09-04 16:21:44,
76079,103,TURRIL,unidadMedida,,1,1,,1,0,0,2023-09-04 16:21:44,2023-09-04 16:21:44,
76080,102,BANDEJA,unidadMedida,,1,1,,1,0,0,2023-09-04 16:21:44,2023-09-04 16:21:44,
76081,101,YARDA,unidadMedida,,1,1,,1,0,0,2023-09-04 16:21:44,2023-09-04 16:21:44,
76082,100,JABA,unidadMedida,,1,1,,1,0,0,2023-09-04 16:21:44,2023-09-04 16:21:44,
76083,67,DIAS,unidadMedida,,1,1,,1,0,0,2023-09-04 16:21:44,2023-09-04 16:21:44,
76084,99,CARTOLA,unidadMedida,,1,1,,1,0,0,2023-09-04 16:21:44,2023-09-04 16:21:44,
76085,68,MESES,unidadMedida,,1,1,,1,0,0,2023-09-04 16:21:44,2023-09-04 16:21:44,
76086,98,TETRAPACK,unidadMedida,,1,1,,1,0,0,2023-09-04 16:21:44,2023-09-04 16:21:44,
76087,97,VASO,unidadMedida,,1,1,,1,0,0,2023-09-04 16:21:44,2023-09-04 16:21:44,
76088,96,POMO,unidadMedida,,1,1,,1,0,0,2023-09-04 16:21:44,2023-09-04 16:21:44,
76089,95,UNIDAD TERMICA BRITANICA (TI),unidadMedida,,1,1,,1,0,0,2023-09-04 16:21:44,2023-09-04 16:21:44,
76090,94,MILLONES DE BTU (1000000 BTU),unidadMedida,,1,1,,1,0,0,2023-09-04 16:21:44,2023-09-04 16:21:44,
76091,93,MILLONES DE PIES CUBICOS (1000000 PC),unidadMedida,,1,1,,1,0,0,2023-09-04 16:21:44,2023-09-04 16:21:44,
76092,69,QUINTAL,unidadMedida,,1,1,,1,0,0,2023-09-04 16:21:44,2023-09-04 16:21:44,
76093,92,MILLAR DE PIES CUBICOS (1000 PC),unidadMedida,,1,1,,1,0,0,2023-09-04 16:21:44,2023-09-04 16:21:44,
76094,91,MIL PIES CUBICOS 14696 PSI 68FAH,unidadMedida,,1,1,,1,0,0,2023-09-04 16:21:44,2023-09-04 16:21:44,
76095,90,MIL PIES CUBICOS 14696 PSI,unidadMedida,,1,1,,1,0,0,2023-09-04 16:21:44,2023-09-04 16:21:44,
76096,89,METRO CUBICO 68F VOL,unidadMedida,,1,1,,1,0,0,2023-09-04 16:21:44,2023-09-04 16:21:44,
76097,88,BARRIL [42 GALONES(EEUU)],unidadMedida,,1,1,,1,0,0,2023-09-04 16:21:44,2023-09-04 16:21:44,
76098,87,BARRIL (EEUU) 60 F,unidadMedida,,1,1,,1,0,0,2023-09-04 16:21:44,2023-09-04 16:21:44,
76099,106,MEGAWATT,unidadMedida,,1,1,,1,0,0,2023-09-04 16:21:44,2023-09-04 16:21:44,
76100,107,KILOWATT,unidadMedida,,1,1,,1,0,0,2023-09-04 16:21:44,2023-09-04 16:21:44,
76101,125,PIE TABLAR,unidadMedida,,1,1,,1,0,0,2023-09-04 16:21:44,2023-09-04 16:21:44,
76102,126,KILATES,unidadMedida,,1,1,,1,0,0,2023-09-04 16:21:44,2023-09-04 16:21:44,
76103,1,BOBINAS,unidadMedida,,1,1,,1,0,0,2023-09-04 16:21:44,2023-09-04 16:21:44,
76104,2,BALDE,unidadMedida,,1,1,,1,0,0,2023-09-04 16:21:44,2023-09-04 16:21:44,
76105,3,BARRILES,unidadMedida,,1,1,,1,0,0,2023-09-04 16:21:44,2023-09-04 16:21:44,
76106,4,BOLSA,unidadMedida,,1,1,,1,0,0,2023-09-04 16:21:44,2023-09-04 16:21:44,
76107,5,BOTELLAS,unidadMedida,,1,1,,1,0,0,2023-09-04 16:21:44,2023-09-04 16:21:44,
76108,6,CAJA,unidadMedida,,1,1,,1,0,0,2023-09-04 16:21:44,2023-09-04 16:21:44,
76109,7,CARTONES,unidadMedida,,1,1,,1,0,0,2023-09-04 16:21:44,2023-09-04 16:21:44,
76110,8,CENTIMETRO CUADRADO,unidadMedida,,1,1,,1,0,0,2023-09-04 16:21:44,2023-09-04 16:21:44,
76111,9,CENTIMETRO CUBICO,unidadMedida,,1,1,,1,0,0,2023-09-04 16:21:44,2023-09-04 16:21:44,
76112,10,CENTIMETRO LINEAL,unidadMedida,,1,1,,1,0,0,2023-09-04 16:21:44,2023-09-04 16:21:44,
76113,11,CIENTO DE UNIDADES,unidadMedida,,1,1,,1,0,0,2023-09-04 16:21:44,2023-09-04 16:21:44,
76114,12,CILINDRO,unidadMedida,,1,1,,1,0,0,2023-09-04 16:21:44,2023-09-04 16:21:44,
76115,13,CONOS,unidadMedida,,1,1,,1,0,0,2023-09-04 16:21:44,2023-09-04 16:21:44,
76116,14,DOCENA,unidadMedida,,1,1,,1,0,0,2023-09-04 16:21:44,2023-09-04 16:21:44,
76117,15,FARDO,unidadMedida,,1,1,,1,0,0,2023-09-04 16:21:44,2023-09-04 16:21:44,
76118,16,GALON INGLES,unidadMedida,,1,1,,1,0,0,2023-09-04 16:21:44,2023-09-04 16:21:44,
76119,17,GRAMO,unidadMedida,,1,1,,1,0,0,2023-09-04 16:21:44,2023-09-04 16:21:44,
76120,18,GRUESA,unidadMedida,,1,1,,1,0,0,2023-09-04 16:21:44,2023-09-04 16:21:44,
76121,19,HECTOLITRO,unidadMedida,,1,1,,1,0,0,2023-09-04 16:21:44,2023-09-04 16:21:44,
76122,20,HOJA,unidadMedida,,1,1,,1,0,0,2023-09-04 16:21:44,2023-09-04 16:21:44,
76123,21,JUEGO,unidadMedida,,1,1,,1,0,0,2023-09-04 16:21:44,2023-09-04 16:21:44,
76124,22,KILOGRAMO,unidadMedida,,1,1,,1,0,0,2023-09-04 16:21:44,2023-09-04 16:21:44,
76125,23,KILOMETRO,unidadMedida,,1,1,,1,0,0,2023-09-04 16:21:44,2023-09-04 16:21:44,
76126,24,KILOVATIO HORA,unidadMedida,,1,1,,1,0,0,2023-09-04 16:21:44,2023-09-04 16:21:44,
76127,25,KIT,unidadMedida,,1,1,,1,0,0,2023-09-04 16:21:44,2023-09-04 16:21:44,
76128,26,LATAS,unidadMedida,,1,1,,1,0,0,2023-09-04 16:21:44,2023-09-04 16:21:44,
76129,27,LIBRAS,unidadMedida,,1,1,,1,0,0,2023-09-04 16:21:44,2023-09-04 16:21:44,
76130,28,LITRO,unidadMedida,,1,1,,1,0,0,2023-09-04 16:21:44,2023-09-04 16:21:44,
76131,29,MEGAWATT HORA,unidadMedida,,1,1,,1,0,0,2023-09-04 16:21:44,2023-09-04 16:21:44,
76132,30,METRO,unidadMedida,,1,1,,1,0,0,2023-09-04 16:21:44,2023-09-04 16:21:44,
76133,31,METRO CUADRADO,unidadMedida,,1,1,,1,0,0,2023-09-04 16:21:44,2023-09-04 16:21:44,
76134,32,METRO CUBICO,unidadMedida,,1,1,,1,0,0,2023-09-04 16:21:44,2023-09-04 16:21:44,
76135,33,MILIGRAMOS,unidadMedida,,1,1,,1,0,0,2023-09-04 16:21:44,2023-09-04 16:21:44,
76136,34,MILILITRO,unidadMedida,,1,1,,1,0,0,2023-09-04 16:21:44,2023-09-04 16:21:44,
76137,35,MILIMETRO,unidadMedida,,1,1,,1,0,0,2023-09-04 16:21:44,2023-09-04 16:21:44,
76138,36,MILIMETRO CUADRADO,unidadMedida,,1,1,,1,0,0,2023-09-04 16:21:44,2023-09-04 16:21:44,
76139,37,MILIMETRO CUBICO,unidadMedida,,1,1,,1,0,0,2023-09-04 16:21:44,2023-09-04 16:21:44,
76140,1,FACTURA MAL EMITIDA,motivoAnulacion,,1,1,,1,0,0,2024-12-04 21:41:55,2024-12-04 21:41:55,
76141,2,NOTA DE CREDITO-DEBITO MAL EMITIDA,motivoAnulacion,,1,1,,1,0,0,2024-12-04 21:41:55,2024-12-04 21:41:55,
76142,3,DATOS DE EMISION INCORRECTOS,motivoAnulacion,,1,1,,1,0,0,2024-12-04 21:41:55,2024-12-04 21:41:55,
76143,4,FACTURA O NOTA DE CREDITO-DEBITO DEVUELTA,motivoAnulacion,,1,1,,1,0,0,2024-12-04 21:41:55,2024-12-04 21:41:55,
76144,123,CODIGO UNICO DE FACTURACION DIARIA (CUFD) FUERA DE TOLERANCIA,mensajesServicios,,1,1,,1,0,0,2024-12-04 21:42:02,2024-12-04 21:42:02,
76145,901,RECEPCION PENDIENTE,mensajesServicios,,1,1,,1,0,0,2024-12-04 21:42:02,2024-12-04 21:42:02,
76146,902,RECEPCION RECHAZADA,mensajesServicios,,1,1,,1,0,0,2024-12-04 21:42:02,2024-12-04 21:42:02,
76147,903,RECEPCION PROCESADA,mensajesServicios,,1,1,,1,0,0,2024-12-04 21:42:02,2024-12-04 21:42:02,
76148,904,RECEPCION OBSERVADA,mensajesServicios,,1,1,,1,0,0,2024-12-04 21:42:02,2024-12-04 21:42:02,
76149,905,ANULACION CONFIRMADA,mensajesServicios,,1,1,,1,0,0,2024-12-04 21:42:02,2024-12-04 21:42:02,
76150,906,ANULACION RECHAZADA,mensajesServicios,,1,1,,1,0,0,2024-12-04 21:42:02,2024-12-04 21:42:02,
76151,907,REVERSION DE ANULACION CONFIRMADA,mensajesServicios,,1,1,,1,0,0,2024-12-04 21:42:02,2024-12-04 21:42:02,
76152,908,RECEPCION VALIDADA,mensajesServicios,,1,1,,1,0,0,2024-12-04 21:42:02,2024-12-04 21:42:02,
76153,909,REVERSION DE ANULACION RECHAZADA,mensajesServicios,,1,1,,1,0,0,2024-12-04 21:42:02,2024-12-04 21:42:02,
76154,910,EL PARAMETRO AMBIENTE ES INVALIDO,mensajesServicios,,1,1,,1,0,0,2024-12-04 21:42:02,2024-12-04 21:42:02,
76155,911,EL PARAMETRO CODIGO DE SISTEMA ES INVALIDO,mensajesServicios,,1,1,,1,0,0,2024-12-04 21:42:02,2024-12-04 21:42:02,
76156,912,EL SISTEMA NO ESTA ASOCIADO AL CONTRIBUYENTE,mensajesServicios,,1,1,,1,0,0,2024-12-04 21:42:02,2024-12-04 21:42:02,
76157,913,CODIGO UNICO DE INICIO DE SISTEMA (CUIS) INVALIDO,mensajesServicios,,1,1,,1,0,0,2024-12-04 21:42:02,2024-12-04 21:42:02,
76158,914,CODIGO UNICO DE FACTURACION DIARIA (CUFD) INVALIDO,mensajesServicios,,1,1,,1,0,0,2024-12-04 21:42:02,2024-12-04 21:42:02,
76159,915,EL PARAMETRO TIPO FACTURA DOCUMENTO ES INVALIDO,mensajesServicios,,1,1,,1,0,0,2024-12-04 21:42:02,2024-12-04 21:42:02,
76160,916,EL PARAMETRO TIPO DE EMISION ES INVALIDO,mensajesServicios,,1,1,,1,0,0,2024-12-04 21:42:02,2024-12-04 21:42:02,
76161,917,EL PARAMETRO MODALIDAD ES INVALIDO,mensajesServicios,,1,1,,1,0,0,2024-12-04 21:42:02,2024-12-04 21:42:02,
76162,918,EL PARAMETRO SUCURSAL ES INVALIDO,mensajesServicios,,1,1,,1,0,0,2024-12-04 21:42:02,2024-12-04 21:42:02,
76163,919,EL PARAMETRO NIT ES INVALIDO,mensajesServicios,,1,1,,1,0,0,2024-12-04 21:42:02,2024-12-04 21:42:02,
76164,920,EL PARAMETRO ARCHIVO ES INVALIDO,mensajesServicios,,1,1,,1,0,0,2024-12-04 21:42:02,2024-12-04 21:42:02,
76165,921,EL FIRMADO DEL XML ES INCORRECTO,mensajesServicios,,1,1,,1,0,0,2024-12-04 21:42:02,2024-12-04 21:42:02,
76166,922,LA FIRMA DEL XML NO CORRESPONDE AL CONTRIBUYENTE,mensajesServicios,,1,1,,1,0,0,2024-12-04 21:42:02,2024-12-04 21:42:02,
76167,923,EL PARAMETRO CODIGO DE RECEPCION ES INVALIDO,mensajesServicios,,1,1,,1,0,0,2024-12-04 21:42:02,2024-12-04 21:42:02,
76168,924,"LA FACTURA O NOTA, NO EXISTE EN LA BASE DE DATOS DEL SIN",mensajesServicios,,1,1,,1,0,0,2024-12-04 21:42:02,2024-12-04 21:42:02,
76169,925,EL PARAMETRO MOTIVO DE ANULACION ES INVALIDO,mensajesServicios,,1,1,,1,0,0,2024-12-04 21:42:02,2024-12-04 21:42:02,
76170,926,COMUNICACION EXITOSA,mensajesServicios,,1,1,,1,0,0,2024-12-04 21:42:02,2024-12-04 21:42:02,
76171,927,EL CERTIFICADO DE LA FIRMA ES INVALIDO,mensajesServicios,,1,1,,1,0,0,2024-12-04 21:42:02,2024-12-04 21:42:02,
76172,928,EL CERTIFICADO SE ENCUENTRA REVOCADO,mensajesServicios,,1,1,,1,0,0,2024-12-04 21:42:02,2024-12-04 21:42:02,
76173,929,EL CODIGO UNICO DE INICIO DE SISTEMA (CUIS) NO ESTA VIGENTE,mensajesServicios,,1,1,,1,0,0,2024-12-04 21:42:02,2024-12-04 21:42:02,
76174,930,EL CODIGO UNICO DE INICIO DE SISTEMA (CUIS) NO CORRESPONDE A LA SUCURSAL/PUNTO VENTA,mensajesServicios,,1,1,,1,0,0,2024-12-04 21:42:02,2024-12-04 21:42:02,
76175,931,EL PARAMETRO CODIGO DOCUMENTO SECTOR ES INVALIDO,mensajesServicios,,1,1,,1,0,0,2024-12-04 21:42:02,2024-12-04 21:42:02,
76176,932,EL PARAMETRO CODIGO DOCUMENTO SECTOR NO CORRESPONDE AL SERVICIO,mensajesServicios,,1,1,,1,0,0,2024-12-04 21:42:02,2024-12-04 21:42:02,
76177,933,EL PUNTO DE VENTA ES INEXISTENTE O INVALIDO,mensajesServicios,,1,1,,1,0,0,2024-12-04 21:42:02,2024-12-04 21:42:02,
76178,934,LA SOLICITUD DE ANULACION DE LA FACTURA O NOTA DE CREDITO-DEBITO SE ENCUENTRA FUERA DE PLAZO,mensajesServicios,,1,1,,1,0,0,2024-12-04 21:42:02,2024-12-04 21:42:02,
76179,935,EL PARAMETRO FECHA DE ENVIO ES INVALIDO,mensajesServicios,,1,1,,1,0,0,2024-12-04 21:42:02,2024-12-04 21:42:02,
76180,936,LA FACTURA O NOTA DE CREDITO-DEBITO YA SE ENCUENTRA ANULADA,mensajesServicios,,1,1,,1,0,0,2024-12-04 21:42:02,2024-12-04 21:42:02,
76181,937,EL NIT NO TIENE ASOCIADO LA MODALIDAD DE FACTURACION,mensajesServicios,,1,1,,1,0,0,2024-12-04 21:42:02,2024-12-04 21:42:02,
76182,938,EL NIT PRESENTA MARCAS DE CONTROL,mensajesServicios,,1,1,,1,0,0,2024-12-04 21:42:02,2024-12-04 21:42:02,
76183,939,LA FACTURA O NOTA DE CREDITO - DEBITO NO CUMPLE CON EL FORMATO DEL XSD ESPECIFICADO,mensajesServicios,,1,1,,1,0,0,2024-12-04 21:42:02,2024-12-04 21:42:02,
76184,940,EL NIT NO TIENE HABILITADO EL DOCUMENTO SECTOR,mensajesServicios,,1,1,,1,0,0,2024-12-04 21:42:02,2024-12-04 21:42:02,
76185,941,LA FACTURA O NOTA DE CREDITO - DEBITO NO SE ENCUENTRA DISPONIBLE PARA SER ANULADA,mensajesServicios,,1,1,,1,0,0,2024-12-04 21:42:02,2024-12-04 21:42:02,
76186,942,EL CODIGO DE RECEPCION DE EVENTO SIGNIFICATIVO NO SE ENCUENTRA EN LA BASE DE DATOS DEL SIN,mensajesServicios,,1,1,,1,0,0,2024-12-04 21:42:02,2024-12-04 21:42:02,
76187,943,EL FORMATO DE LA FECHA DE ENVIO ES INCORRECTO,mensajesServicios,,1,1,,1,0,0,2024-12-04 21:42:02,2024-12-04 21:42:02,
76188,944,EL CODIGO DE RECEPCION NO SE ENCUENTRA EN LA BASE DE DATOS DEL SIN,mensajesServicios,,1,1,,1,0,0,2024-12-04 21:42:02,2024-12-04 21:42:02,
76189,945,EL ESTADO DE RECEPCION DE LA ANULACION ES INCORRECTA,mensajesServicios,,1,1,,1,0,0,2024-12-04 21:42:02,2024-12-04 21:42:02,
76190,946,EL CODIGO UNICO DE FACTURA (CUF) NO EXISTE EN BASE DE DATOS DEL SIN,mensajesServicios,,1,1,,1,0,0,2024-12-04 21:42:02,2024-12-04 21:42:02,
76191,947,EL PARAMETRO TIPO DE PUNTO DE VENTA ES INVALIDO,mensajesServicios,,1,1,,1,0,0,2024-12-04 21:42:02,2024-12-04 21:42:02,
76192,948,EL PARAMETRO NOMBRE DE PUNTO DE VENTA NO PUEDE SER VACIO,mensajesServicios,,1,1,,1,0,0,2024-12-04 21:42:02,2024-12-04 21:42:02,
76193,949,EL PARAMETRO DESCRIPCION DE PUNTO DE VENTA NO PUEDE SER VACIO,mensajesServicios,,1,1,,1,0,0,2024-12-04 21:42:02,2024-12-04 21:42:02,
76194,950,EL PARAMETRO CODIGO DE EVENTO SIGNIFICATIVO NO PUEDE SER VACIO,mensajesServicios,,1,1,,1,0,0,2024-12-04 21:42:02,2024-12-04 21:42:02,
76195,951,EL PARAMETRO DESCRIPCION DE EVENTO SIGNIFICATIVO NO PUEDE SER VACIO,mensajesServicios,,1,1,,1,0,0,2024-12-04 21:42:02,2024-12-04 21:42:02,
76196,952,EL CODIGO UNICO DE FACTURA (CUF) YA SE ENCUENTRA REGISTRADO EN LA BASE DE DATOS DEL SIN,mensajesServicios,,1,1,,1,0,0,2024-12-04 21:42:02,2024-12-04 21:42:02,
76197,953,EL CODIGO UNICO DE FACTURACION DIARIA (CUFD) NO SE ENCUENTRA VIGENTE,mensajesServicios,,1,1,,1,0,0,2024-12-04 21:42:02,2024-12-04 21:42:02,
76198,954,LA CANTIDAD DE FACTURAS EN EL PAQUETE EMITIDO POR CONTINGENCIA HA EXCEDIDO EL MAXIMO PERMITIDO,mensajesServicios,,1,1,,1,0,0,2024-12-04 21:42:02,2024-12-04 21:42:02,
76199,955,NO EXISTE REGISTRO PARA AUTORIZAR EL PROCESO MASIVO,mensajesServicios,,1,1,,1,0,0,2024-12-04 21:42:02,2024-12-04 21:42:02,
76200,956,LA CANTIDAD DE FACTURAS EN EL PAQUETE EMITIDO MASIVAMENTE HA EXCEDIDO EL MAXIMO PERMITIDO,mensajesServicios,,1,1,,1,0,0,2024-12-04 21:42:02,2024-12-04 21:42:02,
76201,957,NO EXISTE REGISTRO DE EVENTO SIGNIFICATIVO EN LA BASE DE DATOS DEL SIN,mensajesServicios,,1,1,,1,0,0,2024-12-04 21:42:02,2024-12-04 21:42:02,
76202,958,EL USUARIO NO SE ENCUENTRA AUTORIZADO PARA CONSUMIR ESTE SERVICIO,mensajesServicios,,1,1,,1,0,0,2024-12-04 21:42:02,2024-12-04 21:42:02,
76203,959,EL CODIGO UNICO DE INICIO DE SISTEMA (CUIS) NO SE ENCUENTRA ASOCIADO AL SISTEMA,mensajesServicios,,1,1,,1,0,0,2024-12-04 21:42:02,2024-12-04 21:42:02,
76204,960,EL PARAMETRO FIN DE EVENTO ES REQUERIDO,mensajesServicios,,1,1,,1,0,0,2024-12-04 21:42:02,2024-12-04 21:42:02,
76205,961,EL NIT TIENE MARCA DE DOMICILIO INEXISTENTE,mensajesServicios,,1,1,,1,0,0,2024-12-04 21:42:02,2024-12-04 21:42:02,
76206,962,EL NIT TIENE BLOQUEO DE DOSIFICACION ORIGINADO EN FISCALIZACION,mensajesServicios,,1,1,,1,0,0,2024-12-04 21:42:02,2024-12-04 21:42:02,
76207,963,EL NIT TIENE BLOQUEO DE DOSIFICACION ORIGINADO EN JURIDICA,mensajesServicios,,1,1,,1,0,0,2024-12-04 21:42:02,2024-12-04 21:42:02,
76208,964,EL NIT NO CUMPLE CON OBLIGATORIEDAD DE PRESENTACION DE DDJJ,mensajesServicios,,1,1,,1,0,0,2024-12-04 21:42:02,2024-12-04 21:42:02,
76209,965,EL CONTRIBUYENTE NO CUENTA CON FIRMA VIGENTE REGISTRADA,mensajesServicios,,1,1,,1,0,0,2024-12-04 21:42:02,2024-12-04 21:42:02,
76210,966,NO SE PUEDE RECUPERAR LOS DATOS DEL CONTRIBUYENTE,mensajesServicios,,1,1,,1,0,0,2024-12-04 21:42:02,2024-12-04 21:42:02,
76211,967,TIEMPO DE ESPERA AGOTADO PARA CONEXION A BASE DE DATOS,mensajesServicios,,1,1,,1,0,0,2024-12-04 21:42:02,2024-12-04 21:42:02,
76212,968,LA ANULACION DE LA FACTURA O NOTA DE CREDITO - DEBITO YA SE ENCUENTRA REVERTIDA,mensajesServicios,,1,1,,1,0,0,2024-12-04 21:42:02,2024-12-04 21:42:02,
76213,969,EL PARAMETRO HASH ES INVALIDO,mensajesServicios,,1,1,,1,0,0,2024-12-04 21:42:02,2024-12-04 21:42:02,
76214,970,"EL CUIS EN LA BASE DE DATOS SE ENCUENTRA VIGENTE, NO PUEDE SOLICITAR OTRO",mensajesServicios,,1,1,,1,0,0,2024-12-04 21:42:02,2024-12-04 21:42:02,
76215,971,EL TAMAÃ‘O DEL ARCHIVO EXCEDE EL TAMAÃ‘O PERMITIDO DE 100 MB,mensajesServicios,,1,1,,1,0,0,2024-12-04 21:42:02,2024-12-04 21:42:02,
76216,972,LA CANTIDAD DE FACTURAS ENVIADA EN EL PAQUETE ES MAYOR A LA DEFINIDA EN LA NORMATIVA,mensajesServicios,,1,1,,1,0,0,2024-12-04 21:42:02,2024-12-04 21:42:02,
76217,973,EL CODIGO UNICO DE INICIO DE SISTEMA (CUIS) NO SE ENCUENTRA VIGENTE,mensajesServicios,,1,1,,1,0,0,2024-12-04 21:42:02,2024-12-04 21:42:02,
76218,974,EL RANGO DE FECHAS DEL EVENTO SIGNIFICATIVO PARA REGISTRAR ES INVÃLIDO,mensajesServicios,,1,1,,1,0,0,2024-12-04 21:42:02,2024-12-04 21:42:02,
76219,975,EL SISTEMA NO SE ENCUENTRA AUTORIZADO O SE ENCUENTRA OBSERVADO,mensajesServicios,,1,1,,1,0,0,2024-12-04 21:42:02,2024-12-04 21:42:02,
76220,976,EL CODIGO DEL EVENTO ES INCORRECTO,mensajesServicios,,1,1,,1,0,0,2024-12-04 21:42:02,2024-12-04 21:42:02,
76221,977,NO EXISTEN ACTIVIDADES ASOCIADAS AL NIT,mensajesServicios,,1,1,,1,0,0,2024-12-04 21:42:02,2024-12-04 21:42:02,
76222,978,REVERSION DE LA FACTURA O NOTA DE CREDITO/DEBITO CONFIRMADA,mensajesServicios,,1,1,,1,0,0,2024-12-04 21:42:02,2024-12-04 21:42:02,
76223,979,EL CUIS NO SE ENCUENTRA ASOCIADO AL SISTEMA O A LA SUCURSAL,mensajesServicios,,1,1,,1,0,0,2024-12-04 21:42:02,2024-12-04 21:42:02,
76224,980,EXISTE UN CUIS VIGENTE PARA LA SUCURSAL O PUNTO DE VENTA,mensajesServicios,,1,1,,1,0,0,2024-12-04 21:42:02,2024-12-04 21:42:02,
76225,981,RANGO DE FECHAS DE EVENTO SIGNIFICATIVO INVALIDO,mensajesServicios,,1,1,,1,0,0,2024-12-04 21:42:02,2024-12-04 21:42:02,
76226,982,NO EXISTE PUNTOS DE VENTA ASOCIADOS,mensajesServicios,,1,1,,1,0,0,2024-12-04 21:42:02,2024-12-04 21:42:02,
76227,983,LA FECHA DE ENVIO DEL PAQUETE ESTA FUERA DE PLAZO,mensajesServicios,,1,1,,1,0,0,2024-12-04 21:42:02,2024-12-04 21:42:02,
76228,984,EL EVENTO SIGNIFICATIVO NO CORRESPONDE AL CUFD DEL EVENTO REGISTRADO,mensajesServicios,,1,1,,1,0,0,2024-12-04 21:42:02,2024-12-04 21:42:02,
76229,985,LA CANTIDAD DE FACTURAS ES DIFERENTE A LA DECLARADA,mensajesServicios,,1,1,,1,0,0,2024-12-04 21:42:02,2024-12-04 21:42:02,
76230,986,NIT ACTIVO,mensajesServicios,,1,1,,1,0,0,2024-12-04 21:42:02,2024-12-04 21:42:02,
76231,987,NIT INACTIVO,mensajesServicios,,1,1,,1,0,0,2024-12-04 21:42:02,2024-12-04 21:42:02,
76487,85,ISLANDIA,paisOrigen,,1,1,,1,0,0,2024-12-04 21:42:23,2024-12-04 21:42:23,
76232,988,CODIGO UNICO DE INICIO DE SISTEMA (CUIS) FUERA DE TOLERANCIA,mensajesServicios,,1,1,,1,0,0,2024-12-04 21:42:02,2024-12-04 21:42:02,
76233,989,TOKEN INVALIDO,mensajesServicios,,1,1,,1,0,0,2024-12-04 21:42:02,2024-12-04 21:42:02,
76234,990,EL CLIENTE NO TIENE ACTIVIDADES RELACIONADAS AL SECTOR QUE INTENTA ASOCIAR,mensajesServicios,,1,1,,1,0,0,2024-12-04 21:42:02,2024-12-04 21:42:02,
76235,991,ERROR EN BASE DE DATOS,mensajesServicios,,1,1,,1,0,0,2024-12-04 21:42:02,2024-12-04 21:42:02,
76236,992,ERROR SERVICIO PADRON,mensajesServicios,,1,1,,1,0,0,2024-12-04 21:42:02,2024-12-04 21:42:02,
76237,993,LA FECHA DE ENVIO ESTA FUERA DE PLAZO,mensajesServicios,,1,1,,1,0,0,2024-12-04 21:42:02,2024-12-04 21:42:02,
76238,994,NIT INEXISTENTE,mensajesServicios,,1,1,,1,0,0,2024-12-04 21:42:02,2024-12-04 21:42:02,
76239,995,SERVICIO NO DISPONIBLE,mensajesServicios,,1,1,,1,0,0,2024-12-04 21:42:02,2024-12-04 21:42:02,
76240,996,RANGO DE FECHAS INVALIDO,mensajesServicios,,1,1,,1,0,0,2024-12-04 21:42:02,2024-12-04 21:42:02,
76241,997,EL NOMBRE EXCEDE EL LIMITE DE CARACTERES PERMITIDOS,mensajesServicios,,1,1,,1,0,0,2024-12-04 21:42:02,2024-12-04 21:42:02,
76242,998,LA DESCRIPCION EXCEDE EL LIMITE DE CARACTERES PERMITIDOS,mensajesServicios,,1,1,,1,0,0,2024-12-04 21:42:02,2024-12-04 21:42:02,
76243,999,ERROR EN LA EJECUCION DEL SERVICIO,mensajesServicios,,1,1,,1,0,0,2024-12-04 21:42:02,2024-12-04 21:42:02,
76244,1000,EL CUF ENVIADO YA EXISTE EN LA BASE DE DATOS DEL SIN,mensajesServicios,,1,1,,1,0,0,2024-12-04 21:42:02,2024-12-04 21:42:02,
76245,1001,EL NIT ENVIADO EN EL XML ES INEXISTENTE O NO CORRESPONDE AL CUFD,mensajesServicios,,1,1,,1,0,0,2024-12-04 21:42:02,2024-12-04 21:42:02,
76246,1002,EL CODIGO UNICO DE FACTURA (CUF) ENVIADO EN EL XML ES INVALIDO,mensajesServicios,,1,1,,1,0,0,2024-12-04 21:42:02,2024-12-04 21:42:02,
76247,1003,EL CODIGO UNICO DE FACTURACION DIARIA (CUFD) ENVIADO EN EL XML ES INVALIDO,mensajesServicios,,1,1,,1,0,0,2024-12-04 21:42:02,2024-12-04 21:42:02,
76248,1004,LA SUCURSAL ENVIADA EN EL XML NO CORRESPONDE A LOS DATOS DEL CUFD,mensajesServicios,,1,1,,1,0,0,2024-12-04 21:42:02,2024-12-04 21:42:02,
76249,1005,LA FACTURA O NOTA DE CREDITO-DEBITO NO PUEDE SER EMITIDA AL MISMO EMISOR,mensajesServicios,,1,1,,1,0,0,2024-12-04 21:42:02,2024-12-04 21:42:02,
76250,1006,EL CUFD ENVIADO NO CORRESPONDE AL EVENTO ASOCIADO AL PAQUETE ENVIADO,mensajesServicios,,1,1,,1,0,0,2024-12-04 21:42:02,2024-12-04 21:42:02,
76251,1007,LA DIRECCION ENVIADA EN EL XML NO CORRESPONDE A LA REGISTRADA EN PADRON,mensajesServicios,,1,1,,1,0,0,2024-12-04 21:42:02,2024-12-04 21:42:02,
76252,1008,EL PUNTO DE VENTA ENVIADO EN EL XML ES INEXISTENTE O INVALIDO,mensajesServicios,,1,1,,1,0,0,2024-12-04 21:42:02,2024-12-04 21:42:02,
76253,1009,LA FECHA DE EMISION ENVIADA EN EL XML NO ES VALIDA PARA EMISION EN LINEA,mensajesServicios,,1,1,,1,0,0,2024-12-04 21:42:02,2024-12-04 21:42:02,
76254,1010,LA FACTURA NO PUEDE SER ENVIADA CON NUMERO DE CI/NIT/CEX 0 PARA MONTOS MAYORES A 3000,mensajesServicios,,1,1,,1,0,0,2024-12-04 21:42:02,2024-12-04 21:42:02,
76255,1011,EL COMPLEMENTO SOLO PUEDE SER ENVIADO CUANDO EL TIPO DE DOCUMENTO ES CARNET DE IDENTIDAD,mensajesServicios,,1,1,,1,0,0,2024-12-04 21:42:02,2024-12-04 21:42:02,
76256,1012,EL NUMERO DE TARJETA SOLO PUEDE SER ENVIADO CUANDO EL METODO DE PAGO SEA CON TARJETA,mensajesServicios,,1,1,,1,0,0,2024-12-04 21:42:02,2024-12-04 21:42:02,
76257,1013,EL CALCULO DEL MONTO TOTAL ES ERRONEO,mensajesServicios,,1,1,,1,0,0,2024-12-04 21:42:02,2024-12-04 21:42:02,
76258,1014,EL CALCULO DEL  MONTO TOTAL MONEDA ES ERRONEO,mensajesServicios,,1,1,,1,0,0,2024-12-04 21:42:02,2024-12-04 21:42:02,
76259,1015,EL CALCULO DEL IMPORTE BASE PARA CREDITO FISCAL ES ERRONEO,mensajesServicios,,1,1,,1,0,0,2024-12-04 21:42:02,2024-12-04 21:42:02,
76260,1016,EL CODIGO DE ACTIVIDAD ECONOMICA NO ESTA HABILITADA PARA EL CONTRIBUYENTE,mensajesServicios,,1,1,,1,0,0,2024-12-04 21:42:02,2024-12-04 21:42:02,
76261,1017,EL CODIGO DE PRODUCTO NO ESTA RELACIONADO A NINGUN ACTIVIDAD ECONOMICA DEL CONTRIBUYENTE,mensajesServicios,,1,1,,1,0,0,2024-12-04 21:42:02,2024-12-04 21:42:02,
76262,1018,EL CALCULO DEL SUBTOTAL ES ERRONEO,mensajesServicios,,1,1,,1,0,0,2024-12-04 21:42:02,2024-12-04 21:42:02,
76263,1019,EL CALCULO DE ICE ESPECIFICO ES ERRONEO,mensajesServicios,,1,1,,1,0,0,2024-12-04 21:42:02,2024-12-04 21:42:02,
76264,1020,EL CALCULO DE ICE PORCENTUAL ES ERRONEO,mensajesServicios,,1,1,,1,0,0,2024-12-04 21:42:02,2024-12-04 21:42:02,
76265,1021,EL MONTO ICE ESPECIFICO ES ERRONEO,mensajesServicios,,1,1,,1,0,0,2024-12-04 21:42:02,2024-12-04 21:42:02,
76266,1022,EL MONTO ICE PORCENTUAL ES ERRONEO,mensajesServicios,,1,1,,1,0,0,2024-12-04 21:42:02,2024-12-04 21:42:02,
76267,1023,EL CODIGO NANDINA ENVIADO EN LA FACTURA ES ERRONEO,mensajesServicios,,1,1,,1,0,0,2024-12-04 21:42:02,2024-12-04 21:42:02,
76268,1024,LA SUMATORIA DE LO DETALLES ES ERRONEA,mensajesServicios,,1,1,,1,0,0,2024-12-04 21:42:02,2024-12-04 21:42:02,
76269,1025,EL MONTO SUJETO A CREDITO FISCAL LEY 317 ES ERRONEO,mensajesServicios,,1,1,,1,0,0,2024-12-04 21:42:02,2024-12-04 21:42:02,
76270,1026,EL MONTO TOTAL SUJETO AL IMPUESTO DEL JUEGO (IJ) ES ERRONEO,mensajesServicios,,1,1,,1,0,0,2024-12-04 21:42:02,2024-12-04 21:42:02,
76271,1027,EL MONTO DE DIFERENCIA DE CAMBIOS ES ERRONEO,mensajesServicios,,1,1,,1,0,0,2024-12-04 21:42:02,2024-12-04 21:42:02,
76272,1028,EL MONTO DE IVA ENVIADO ES ERRONEO,mensajesServicios,,1,1,,1,0,0,2024-12-04 21:42:02,2024-12-04 21:42:02,
76273,1029,EL MONTO TOTAL DEVUELTO ENVIADO ES ERRONEO,mensajesServicios,,1,1,,1,0,0,2024-12-04 21:42:02,2024-12-04 21:42:02,
76274,1030,EL MONTO TOTAL ORIGINAL ENVIADO ES ERRONEO,mensajesServicios,,1,1,,1,0,0,2024-12-04 21:42:02,2024-12-04 21:42:02,
76275,1031,EL MONTO EFECTIVO DE CREDITO O DEBITO DEVUELTO ENVIADO ES ERRONEO,mensajesServicios,,1,1,,1,0,0,2024-12-04 21:42:02,2024-12-04 21:42:02,
76276,1032,EL MONTO TOTAL DE IMPUESTO A LA PARTICIPACION EN JUEGO (IPJ) ES ERRONEO,mensajesServicios,,1,1,,1,0,0,2024-12-04 21:42:02,2024-12-04 21:42:02,
76277,1033,EL MONTO DEVUELTO ES MAYOR AL MONTO ORIGINAL,mensajesServicios,,1,1,,1,0,0,2024-12-04 21:42:02,2024-12-04 21:42:02,
76278,1034,LA FECHA DE EMISION ES MENOR AL PERIODO ANTERIOR,mensajesServicios,,1,1,,1,0,0,2024-12-04 21:42:02,2024-12-04 21:42:02,
76279,1035,FORMATO DE FECHA INCORRECTA,mensajesServicios,,1,1,,1,0,0,2024-12-04 21:42:02,2024-12-04 21:42:02,
76280,1036,NOMINATIVIDAD INCORRECTA PARA NOMBRE/RAZON SOCIAL,mensajesServicios,,1,1,,1,0,0,2024-12-04 21:42:02,2024-12-04 21:42:02,
76281,1037,EL NUMERO DOCUMENTO DE TIPO NIT NO ES VALIDO,mensajesServicios,,1,1,,1,0,0,2024-12-04 21:42:02,2024-12-04 21:42:02,
76282,1038,NIT CONJUNTO NO VALIDO,mensajesServicios,,1,1,,1,0,0,2024-12-04 21:42:02,2024-12-04 21:42:02,
76283,1039,FECHA EMISION PARA ENVIO MASIVO INCORRECTO,mensajesServicios,,1,1,,1,0,0,2024-12-04 21:42:02,2024-12-04 21:42:02,
76284,1040,FECHA DE EMISION NO SE ENCUENTRA EN EL RANGO DE CONTINGENCIA,mensajesServicios,,1,1,,1,0,0,2024-12-04 21:42:02,2024-12-04 21:42:02,
76285,1041,LA FECHA DE EMISION NO SE ENCUENTRA DENTRO DEL PLAZO ESTABLECIDO EN NORMA,mensajesServicios,,1,1,,1,0,0,2024-12-04 21:42:02,2024-12-04 21:42:02,
76286,1042,EL NIT DEL MEDICO ENVIADO NO ES VALIDO,mensajesServicios,,1,1,,1,0,0,2024-12-04 21:42:02,2024-12-04 21:42:02,
76287,1043,EL MONTO CONCILIADO ENVIADO ES ERRONEO,mensajesServicios,,1,1,,1,0,0,2024-12-04 21:42:02,2024-12-04 21:42:02,
76288,1044,EL MONTO TOTAL CONCILIADO ENVIADO ES ERRONEO,mensajesServicios,,1,1,,1,0,0,2024-12-04 21:42:02,2024-12-04 21:42:02,
76289,1045,VALOR DE CAFC NO VALIDO PARA LA FACTURA,mensajesServicios,,1,1,,1,0,0,2024-12-04 21:42:02,2024-12-04 21:42:02,
76290,1046,FECHA EMISION PARA EL CAFC ENVIADO INCORRECTO,mensajesServicios,,1,1,,1,0,0,2024-12-04 21:42:02,2024-12-04 21:42:02,
76291,1047,NUMERO FACTURA PARA EL CAFC ENVIADO INCORRECTO,mensajesServicios,,1,1,,1,0,0,2024-12-04 21:42:02,2024-12-04 21:42:02,
76292,1048,FACTURA DE LA NOTA CREDITO DEBITO NO ENCONTRADA,mensajesServicios,,1,1,,1,0,0,2024-12-04 21:42:02,2024-12-04 21:42:02,
76293,1049,DETALLE DE LA NOTA DIFERENTE AL DETALLE DE LA FACTURA ORIGINAL,mensajesServicios,,1,1,,1,0,0,2024-12-04 21:42:02,2024-12-04 21:42:02,
76294,1050,MONTO GIFT CARD NO CORRESPONDE AL METODO DE PAGO,mensajesServicios,,1,1,,1,0,0,2024-12-04 21:42:02,2024-12-04 21:42:02,
76295,1051,FECHA DE FACTURA INCORRECTA,mensajesServicios,,1,1,,1,0,0,2024-12-04 21:42:02,2024-12-04 21:42:02,
76296,1052,EL CALCULO DEL MONTO IEHD ES ERRONEO,mensajesServicios,,1,1,,1,0,0,2024-12-04 21:42:02,2024-12-04 21:42:02,
76297,1053,LA ACTIVIDAD DE LA NOTA DE CREDITO DEBITO NO SE ENCUENTRA AUTORIZADA PARA ESTE PLAZO,mensajesServicios,,1,1,,1,0,0,2024-12-04 21:42:02,2024-12-04 21:42:02,
76298,1054,EL MONTO DESCUENTO CREDITO DEBITO ES ERRONEO,mensajesServicios,,1,1,,1,0,0,2024-12-04 21:42:02,2024-12-04 21:42:02,
76299,1055,EL MONTO TARIFA ES ERRONEO,mensajesServicios,,1,1,,1,0,0,2024-12-04 21:42:02,2024-12-04 21:42:02,
76300,1056,EL TIPO DE CAMBIO ES ERRONEO,mensajesServicios,,1,1,,1,0,0,2024-12-04 21:42:02,2024-12-04 21:42:02,
76301,1057,EL MONTO TOTAL MONEDA ES ERRONEO,mensajesServicios,,1,1,,1,0,0,2024-12-04 21:42:02,2024-12-04 21:42:02,
76302,1058,EL MONTO TOTAL SUJETO IVA ES ERRONEO,mensajesServicios,,1,1,,1,0,0,2024-12-04 21:42:02,2024-12-04 21:42:02,
76303,1059,LA RAZON SOCIAL ES ERRONEA,mensajesServicios,,1,1,,1,0,0,2024-12-04 21:42:02,2024-12-04 21:42:02,
76304,1060,EL MONTO DETALLE ES ERRONEO,mensajesServicios,,1,1,,1,0,0,2024-12-04 21:42:02,2024-12-04 21:42:02,
76305,1061,FACTURA DE LA NOTA CREDITO DEBITO NO ES VALIDA PARA REALIZAR LA DEVOLUCION,mensajesServicios,,1,1,,1,0,0,2024-12-04 21:42:02,2024-12-04 21:42:02,
76306,2000,ADVERTENCIA: EL NUMERO FACTURA ENVIADO TIENE ERROR DE CORRELATIVIDAD,mensajesServicios,,1,1,,1,0,0,2024-12-04 21:42:02,2024-12-04 21:42:02,
76307,2001,ADVERTENCIA: LA FECHA DE EMISION ENVIADA NO SE ENCUENTRA DENTRO DEL RANGO DEL EVENTO DE CONTINGENCIA ASOCIADO,mensajesServicios,,1,1,,1,0,0,2024-12-04 21:42:02,2024-12-04 21:42:02,
76308,2002,ADVERTENCIA: LA FECHA DE EMISION ENVIADA NO ES VALIDA PARA LA EMISION MASIVA,mensajesServicios,,1,1,,1,0,0,2024-12-04 21:42:02,2024-12-04 21:42:02,
76309,2003,ADVERTENCIA: LA FACTURA NO PUEDE SER ENVIADA CON NUMERO DE CI/NIT/CEX 0 PARA MONTOS MAYORES A 3000,mensajesServicios,,1,1,,1,0,0,2024-12-04 21:42:02,2024-12-04 21:42:02,
76310,2004,ADVERTENCIA: EL COMPLEMENTO SOLO PUEDE SER ENVIADO CUANDO EL TIPO DE DOCUMENTO ES CARNET DE IDENTIDAD,mensajesServicios,,1,1,,1,0,0,2024-12-04 21:42:02,2024-12-04 21:42:02,
76311,2005,ADVERTENCIA: EL NIT DEL CLIENTE ENVIADO EN EL CAMPO NUMERO DE DOCUMENTO NO ES VALIDO,mensajesServicios,,1,1,,1,0,0,2024-12-04 21:42:02,2024-12-04 21:42:02,
76312,2006,ADVERTENCIA: EL NUMERO DE TARJETA SOLO PUEDE SER ENVIADO CUANDO EL METODO DE PAGO SEA CON TARJETA,mensajesServicios,,1,1,,1,0,0,2024-12-04 21:42:02,2024-12-04 21:42:02,
76313,2007,ADVERTENCIA: EL CALCULO DEL MONTO TOTAL ES ERRONEO,mensajesServicios,,1,1,,1,0,0,2024-12-04 21:42:02,2024-12-04 21:42:02,
76314,2008,ADVERTENCIA: EL CALCULO DEL  MONTO TOTAL MONEDA ES ERRONEO,mensajesServicios,,1,1,,1,0,0,2024-12-04 21:42:02,2024-12-04 21:42:02,
76315,2009,ADVERTENCIA: EL CALCULO DEL IMPORTE BASE PARA CREDITO FISCAL ES ERRONEO,mensajesServicios,,1,1,,1,0,0,2024-12-04 21:42:02,2024-12-04 21:42:02,
76316,2010,ADVERTENCIA: EL CODIGO DE ACTIVIDAD ECONOMICA NO ESTA HABILITADA PARA EL CONTRIBUYENTE,mensajesServicios,,1,1,,1,0,0,2024-12-04 21:42:02,2024-12-04 21:42:02,
76317,2011,ADVERTENCIA: EL CODIGO DE PRODUCTO NO ESTA RELACIONADO A NINGUN ACTIVIDAD ECONOMICA DEL CONTRIBUYENTE,mensajesServicios,,1,1,,1,0,0,2024-12-04 21:42:02,2024-12-04 21:42:02,
76318,2012,ADVERTENCIA: EL CALCULO DEL SUBTOTAL ES ERRONEO,mensajesServicios,,1,1,,1,0,0,2024-12-04 21:42:02,2024-12-04 21:42:02,
76319,2013,ADVERTENCIA: LA FACTURA O NOTA DE CREDITO-DEBITO NO PUEDE SER EMITIDA AL MISMO EMISOR,mensajesServicios,,1,1,,1,0,0,2024-12-04 21:42:02,2024-12-04 21:42:02,
76320,2014,ADVERTENCIA: LA DIRECCION ENVIADA EN EL XML NO CORRESPONDE A LA REGISTRADA EN PADRON,mensajesServicios,,1,1,,1,0,0,2024-12-04 21:42:02,2024-12-04 21:42:02,
76321,2015,ADVERTENCIA: EL CALCULO DE ICE ESPECIFICO ES ERRONEO,mensajesServicios,,1,1,,1,0,0,2024-12-04 21:42:02,2024-12-04 21:42:02,
76322,2016,ADVERTENCIA: EL CALCULO DE ICE PORCENTUAL ES ERRONEO,mensajesServicios,,1,1,,1,0,0,2024-12-04 21:42:02,2024-12-04 21:42:02,
76323,2017,ADVERTENCIA: EL MONTO ICE ESPECIFICO ES ERRONEO,mensajesServicios,,1,1,,1,0,0,2024-12-04 21:42:02,2024-12-04 21:42:02,
76324,2018,ADVERTENCIA: EL MONTO ICE PORCENTUAL ES ERRONEO,mensajesServicios,,1,1,,1,0,0,2024-12-04 21:42:02,2024-12-04 21:42:02,
76325,2019,ADVERTENCIA: EL CODIGO NANDINA ENVIADO EN LA FACTURA ES ERRONEO,mensajesServicios,,1,1,,1,0,0,2024-12-04 21:42:02,2024-12-04 21:42:02,
76326,3000,EL NIT NO TIENE CONTRATO VIGENTE,mensajesServicios,,1,1,,1,0,0,2024-12-04 21:42:02,2024-12-04 21:42:02,
76327,3001,LA CATEGORIA DE CONTRATO NO CORRESPONDE AL SECTOR,mensajesServicios,,1,1,,1,0,0,2024-12-04 21:42:02,2024-12-04 21:42:02,
76328,3002,LA SOLICITUD EXCEDE EL LIMITE DE CUFD MASIVO PERMITIDO,mensajesServicios,,1,1,,1,0,0,2024-12-04 21:42:02,2024-12-04 21:42:02,
76329,3003,MARCA: NO TIENE FORMULARIOS 200 Y 210 VIGENTES,mensajesServicios,,1,1,,1,0,0,2024-12-04 21:42:02,2024-12-04 21:42:02,
76330,3004,MARCA: DOMICILIO INEXISTENTE,mensajesServicios,,1,1,,1,0,0,2024-12-04 21:42:02,2024-12-04 21:42:02,
76331,3005,MARCA: BLOQUEO DE DOSIFICACION ORIGINADOS EN FISCALIZACION,mensajesServicios,,1,1,,1,0,0,2024-12-04 21:42:02,2024-12-04 21:42:02,
76332,3006,MARCA: BLOQUEO DE DOSIFICACION ORIGINADOS EN JURIDICA,mensajesServicios,,1,1,,1,0,0,2024-12-04 21:42:02,2024-12-04 21:42:02,
76333,3007,MARCA: NO CUMPLE CON OBLIGATORIEDAD DE PRESENTACION DE DDJJ,mensajesServicios,,1,1,,1,0,0,2024-12-04 21:42:02,2024-12-04 21:42:02,
76334,3008,"ADVERTENCIA: EL CUIS ESTA A PUNTO DE CADUCAR, GENERE UN NUEVO CUIS POR FAVOR",mensajesServicios,,1,1,,1,0,0,2024-12-04 21:42:02,2024-12-04 21:42:02,
76407,7,ARABIA SAUDITA,paisOrigen,,1,1,,1,0,0,2024-12-04 21:42:22,2024-12-04 21:42:22,
76335,3009,EL TAMAÑO DEL ARCHIVO ES MAYOR A LA DEFINIDA EN NORMA,mensajesServicios,,1,1,,1,0,0,2024-12-04 21:42:02,2024-12-04 21:42:02,
76336,3010,LA FACTURA YA SE ENCUENTRA UTILIZADA O CONSOLIDADA,mensajesServicios,,1,1,,1,0,0,2024-12-04 21:42:02,2024-12-04 21:42:02,
76337,3011,MARCA: ACTIVIDAD ECONOMICA INEXISTENTE O NO DECLARADA,mensajesServicios,,1,1,,1,0,0,2024-12-04 21:42:02,2024-12-04 21:42:02,
76338,3012,MARCA: CAMBIO DE DOMICILIO FISCAL NO COMUNICADO,mensajesServicios,,1,1,,1,0,0,2024-12-04 21:42:02,2024-12-04 21:42:02,
76339,7,CORTE DE SUMINISTRO DE ENERGIA ELECTRICA,eventosSignificativos,,1,1,,1,0,0,2024-12-04 21:42:09,2024-12-04 21:42:09,
76340,5,VIRUS INFORMÁTICO O FALLA DE SOFTWARE,eventosSignificativos,,1,1,,1,0,0,2024-12-04 21:42:09,2024-12-04 21:42:09,
76341,6,CAMBIO DE INFRAESTRUCTURA DEL SISTEMA INFORMÁTICO DE FACTURACIÓN O FALLA DE HARDWARE,eventosSignificativos,,1,1,,1,0,0,2024-12-04 21:42:09,2024-12-04 21:42:09,
76342,1,CORTE DEL SERVICIO DE INTERNET,eventosSignificativos,,1,1,,1,0,0,2024-12-04 21:42:09,2024-12-04 21:42:09,
76343,2,INACCESIBILIDAD AL SERVICIO WEB DE LA ADMINISTRACIÓN TRIBUTARIA,eventosSignificativos,,1,1,,1,0,0,2024-12-04 21:42:09,2024-12-04 21:42:09,
76344,3,INGRESO A ZONAS SIN INTERNET POR DESPLIEGUE DE PUNTO DE VENTA EN VEHICULOS AUTOMOTORES,eventosSignificativos,,1,1,,1,0,0,2024-12-04 21:42:09,2024-12-04 21:42:09,
76345,4,VENTA EN LUGARES SIN INTERNET,eventosSignificativos,,1,1,,1,0,0,2024-12-04 21:42:09,2024-12-04 21:42:09,
76346,155,SAN CRISTÓBAL Y NIEVES,paisOrigen,,1,1,,1,0,0,2024-12-04 21:42:22,2024-12-04 21:42:22,
76347,156,SAMOA,paisOrigen,,1,1,,1,0,0,2024-12-04 21:42:22,2024-12-04 21:42:22,
76348,157,SAN MARINO,paisOrigen,,1,1,,1,0,0,2024-12-04 21:42:22,2024-12-04 21:42:22,
76349,158,SAN VICENTE Y LAS GRANADINAS,paisOrigen,,1,1,,1,0,0,2024-12-04 21:42:22,2024-12-04 21:42:22,
76350,159,SANTA LUCÍA,paisOrigen,,1,1,,1,0,0,2024-12-04 21:42:22,2024-12-04 21:42:22,
76351,160,SANTO TOMÉ Y PRÍNCIPE,paisOrigen,,1,1,,1,0,0,2024-12-04 21:42:22,2024-12-04 21:42:22,
76352,161,SENEGAL,paisOrigen,,1,1,,1,0,0,2024-12-04 21:42:22,2024-12-04 21:42:22,
76353,162,SERBIA,paisOrigen,,1,1,,1,0,0,2024-12-04 21:42:22,2024-12-04 21:42:22,
76354,163,SEYCHELLES,paisOrigen,,1,1,,1,0,0,2024-12-04 21:42:22,2024-12-04 21:42:22,
76355,164,SIERRA LEONA,paisOrigen,,1,1,,1,0,0,2024-12-04 21:42:22,2024-12-04 21:42:22,
76356,165,SINGAPUR,paisOrigen,,1,1,,1,0,0,2024-12-04 21:42:22,2024-12-04 21:42:22,
76357,166,SOMALIA,paisOrigen,,1,1,,1,0,0,2024-12-04 21:42:22,2024-12-04 21:42:22,
76358,167,SRI LANKA,paisOrigen,,1,1,,1,0,0,2024-12-04 21:42:22,2024-12-04 21:42:22,
76359,168,SUDÁFRICA,paisOrigen,,1,1,,1,0,0,2024-12-04 21:42:22,2024-12-04 21:42:22,
76360,169,SUDÁN,paisOrigen,,1,1,,1,0,0,2024-12-04 21:42:22,2024-12-04 21:42:22,
76361,170,SUDÁN DEL SUR,paisOrigen,,1,1,,1,0,0,2024-12-04 21:42:22,2024-12-04 21:42:22,
76362,171,SUECIA,paisOrigen,,1,1,,1,0,0,2024-12-04 21:42:22,2024-12-04 21:42:22,
76363,172,SUIZA,paisOrigen,,1,1,,1,0,0,2024-12-04 21:42:22,2024-12-04 21:42:22,
76364,173,SURINAM,paisOrigen,,1,1,,1,0,0,2024-12-04 21:42:22,2024-12-04 21:42:22,
76365,174,SUAZILANDIA,paisOrigen,,1,1,,1,0,0,2024-12-04 21:42:22,2024-12-04 21:42:22,
76366,175,TAILANDIA,paisOrigen,,1,1,,1,0,0,2024-12-04 21:42:22,2024-12-04 21:42:22,
76367,176,TAYIKISTÁN,paisOrigen,,1,1,,1,0,0,2024-12-04 21:42:22,2024-12-04 21:42:22,
76368,177,TIMOR ORIENTAL,paisOrigen,,1,1,,1,0,0,2024-12-04 21:42:22,2024-12-04 21:42:22,
76369,178,TOGO,paisOrigen,,1,1,,1,0,0,2024-12-04 21:42:22,2024-12-04 21:42:22,
76370,179,TOKELAU,paisOrigen,,1,1,,1,0,0,2024-12-04 21:42:22,2024-12-04 21:42:22,
76371,180,TONGA,paisOrigen,,1,1,,1,0,0,2024-12-04 21:42:22,2024-12-04 21:42:22,
76372,181,TRINIDAD Y TOBAGO,paisOrigen,,1,1,,1,0,0,2024-12-04 21:42:22,2024-12-04 21:42:22,
76373,182,TURKMENISTÁN,paisOrigen,,1,1,,1,0,0,2024-12-04 21:42:22,2024-12-04 21:42:22,
76374,183,TURQUÍA,paisOrigen,,1,1,,1,0,0,2024-12-04 21:42:22,2024-12-04 21:42:22,
76375,184,TUVALU,paisOrigen,,1,1,,1,0,0,2024-12-04 21:42:22,2024-12-04 21:42:22,
76376,185,TÚNEZ,paisOrigen,,1,1,,1,0,0,2024-12-04 21:42:22,2024-12-04 21:42:22,
76377,186,UCRANIA,paisOrigen,,1,1,,1,0,0,2024-12-04 21:42:22,2024-12-04 21:42:22,
76378,187,UGANDA,paisOrigen,,1,1,,1,0,0,2024-12-04 21:42:22,2024-12-04 21:42:22,
76379,188,URUGUAY,paisOrigen,,1,1,,1,0,0,2024-12-04 21:42:22,2024-12-04 21:42:22,
76380,189,UZBEKISTÁN,paisOrigen,,1,1,,1,0,0,2024-12-04 21:42:22,2024-12-04 21:42:22,
76381,190,VANUATU,paisOrigen,,1,1,,1,0,0,2024-12-04 21:42:22,2024-12-04 21:42:22,
76382,191,VENEZUELA (REPÚBLICA BOLIVARIANA DE),paisOrigen,,1,1,,1,0,0,2024-12-04 21:42:22,2024-12-04 21:42:22,
76383,192,VIETNAM,paisOrigen,,1,1,,1,0,0,2024-12-04 21:42:22,2024-12-04 21:42:22,
76384,193,YEMEN,paisOrigen,,1,1,,1,0,0,2024-12-04 21:42:22,2024-12-04 21:42:22,
76385,194,ZAMBIA,paisOrigen,,1,1,,1,0,0,2024-12-04 21:42:22,2024-12-04 21:42:22,
76386,195,ZIMBABUE,paisOrigen,,1,1,,1,0,0,2024-12-04 21:42:22,2024-12-04 21:42:22,
76387,196,REPÚBLICA DE MACEDONIA,paisOrigen,,1,1,,1,0,0,2024-12-04 21:42:22,2024-12-04 21:42:22,
76388,205,PUERTO RICO,paisOrigen,,1,1,,1,0,0,2024-12-04 21:42:22,2024-12-04 21:42:22,
76389,206,HONG KONG,paisOrigen,,1,1,,1,0,0,2024-12-04 21:42:22,2024-12-04 21:42:22,
76390,207,FORMOSA,paisOrigen,,1,1,,1,0,0,2024-12-04 21:42:22,2024-12-04 21:42:22,
76391,208,NO ESPECIFICOS,paisOrigen,,1,1,,1,0,0,2024-12-04 21:42:22,2024-12-04 21:42:22,
76392,210,TAIWAN,paisOrigen,,1,1,,1,0,0,2024-12-04 21:42:22,2024-12-04 21:42:22,
76393,211,LIECHTENSTEIN,paisOrigen,,1,1,,1,0,0,2024-12-04 21:42:22,2024-12-04 21:42:22,
76394,198,ANTILLAS NEERLANDESAS,paisOrigen,,1,1,,1,0,0,2024-12-04 21:42:22,2024-12-04 21:42:22,
76395,199,ARUBA,paisOrigen,,1,1,,1,0,0,2024-12-04 21:42:22,2024-12-04 21:42:22,
76396,200,BERMUDAS,paisOrigen,,1,1,,1,0,0,2024-12-04 21:42:22,2024-12-04 21:42:22,
76397,201,ISLAS CAIMÁN,paisOrigen,,1,1,,1,0,0,2024-12-04 21:42:22,2024-12-04 21:42:22,
76398,202,GROENLANDIA,paisOrigen,,1,1,,1,0,0,2024-12-04 21:42:22,2024-12-04 21:42:22,
76399,203,ISLAS MALVINAS,paisOrigen,,1,1,,1,0,0,2024-12-04 21:42:22,2024-12-04 21:42:22,
76400,204,YUGOSLAVIA,paisOrigen,,1,1,,1,0,0,2024-12-04 21:42:22,2024-12-04 21:42:22,
76401,1,AFGANISTÁN,paisOrigen,,1,1,,1,0,0,2024-12-04 21:42:22,2024-12-04 21:42:22,
76402,2,ALBANIA,paisOrigen,,1,1,,1,0,0,2024-12-04 21:42:22,2024-12-04 21:42:22,
76403,3,ALEMANIA,paisOrigen,,1,1,,1,0,0,2024-12-04 21:42:22,2024-12-04 21:42:22,
76404,4,ANDORRA,paisOrigen,,1,1,,1,0,0,2024-12-04 21:42:22,2024-12-04 21:42:22,
76405,5,ANGOLA,paisOrigen,,1,1,,1,0,0,2024-12-04 21:42:22,2024-12-04 21:42:22,
76406,6,ANTIGUA Y BARBUDA,paisOrigen,,1,1,,1,0,0,2024-12-04 21:42:22,2024-12-04 21:42:22,
76408,209,ISLAS VIRGENES BRITANICAS,paisOrigen,,1,1,,1,0,0,2024-12-04 21:42:22,2024-12-04 21:42:22,
76409,8,ARGELIA,paisOrigen,,1,1,,1,0,0,2024-12-04 21:42:22,2024-12-04 21:42:22,
76410,9,ARGENTINA,paisOrigen,,1,1,,1,0,0,2024-12-04 21:42:22,2024-12-04 21:42:22,
76411,10,ARMENIA,paisOrigen,,1,1,,1,0,0,2024-12-04 21:42:22,2024-12-04 21:42:22,
76412,11,AUSTRALIA,paisOrigen,,1,1,,1,0,0,2024-12-04 21:42:23,2024-12-04 21:42:23,
76413,12,AUSTRIA,paisOrigen,,1,1,,1,0,0,2024-12-04 21:42:23,2024-12-04 21:42:23,
76414,13,AZERBAIYÁN,paisOrigen,,1,1,,1,0,0,2024-12-04 21:42:23,2024-12-04 21:42:23,
76415,14,BAHAMAS,paisOrigen,,1,1,,1,0,0,2024-12-04 21:42:23,2024-12-04 21:42:23,
76416,15,BAHREIN,paisOrigen,,1,1,,1,0,0,2024-12-04 21:42:23,2024-12-04 21:42:23,
76417,16,BANGLADESH,paisOrigen,,1,1,,1,0,0,2024-12-04 21:42:23,2024-12-04 21:42:23,
76418,17,BARBADOS,paisOrigen,,1,1,,1,0,0,2024-12-04 21:42:23,2024-12-04 21:42:23,
76419,18,BIELORRUSIA,paisOrigen,,1,1,,1,0,0,2024-12-04 21:42:23,2024-12-04 21:42:23,
76420,19,BELICE,paisOrigen,,1,1,,1,0,0,2024-12-04 21:42:23,2024-12-04 21:42:23,
76421,20,BENIN,paisOrigen,,1,1,,1,0,0,2024-12-04 21:42:23,2024-12-04 21:42:23,
76422,21,BUTÁN,paisOrigen,,1,1,,1,0,0,2024-12-04 21:42:23,2024-12-04 21:42:23,
76423,22,BOLIVIA (ESTADO PLURINACIONAL DE),paisOrigen,,1,1,,1,0,0,2024-12-04 21:42:23,2024-12-04 21:42:23,
76424,23,BOSNIA Y HERZEGOVINA,paisOrigen,,1,1,,1,0,0,2024-12-04 21:42:23,2024-12-04 21:42:23,
76425,24,BOTSUANA,paisOrigen,,1,1,,1,0,0,2024-12-04 21:42:23,2024-12-04 21:42:23,
76426,25,BRASIL,paisOrigen,,1,1,,1,0,0,2024-12-04 21:42:23,2024-12-04 21:42:23,
76427,26,BRUNEI DARUSSALAM,paisOrigen,,1,1,,1,0,0,2024-12-04 21:42:23,2024-12-04 21:42:23,
76428,27,BULGARIA,paisOrigen,,1,1,,1,0,0,2024-12-04 21:42:23,2024-12-04 21:42:23,
76429,28,BURKINA FASO,paisOrigen,,1,1,,1,0,0,2024-12-04 21:42:23,2024-12-04 21:42:23,
76430,29,BURUNDI,paisOrigen,,1,1,,1,0,0,2024-12-04 21:42:23,2024-12-04 21:42:23,
76431,30,BÉLGICA,paisOrigen,,1,1,,1,0,0,2024-12-04 21:42:23,2024-12-04 21:42:23,
76432,31,CABO VERDE,paisOrigen,,1,1,,1,0,0,2024-12-04 21:42:23,2024-12-04 21:42:23,
76433,32,CAMBOYA,paisOrigen,,1,1,,1,0,0,2024-12-04 21:42:23,2024-12-04 21:42:23,
76434,33,CAMERÚN,paisOrigen,,1,1,,1,0,0,2024-12-04 21:42:23,2024-12-04 21:42:23,
76435,34,CANADÁ,paisOrigen,,1,1,,1,0,0,2024-12-04 21:42:23,2024-12-04 21:42:23,
76436,35,CHAD,paisOrigen,,1,1,,1,0,0,2024-12-04 21:42:23,2024-12-04 21:42:23,
76437,36,CHEQUIA,paisOrigen,,1,1,,1,0,0,2024-12-04 21:42:23,2024-12-04 21:42:23,
76438,37,CHILE,paisOrigen,,1,1,,1,0,0,2024-12-04 21:42:23,2024-12-04 21:42:23,
76439,38,CHINA,paisOrigen,,1,1,,1,0,0,2024-12-04 21:42:23,2024-12-04 21:42:23,
76440,39,CHIPRE,paisOrigen,,1,1,,1,0,0,2024-12-04 21:42:23,2024-12-04 21:42:23,
76441,40,COLOMBIA,paisOrigen,,1,1,,1,0,0,2024-12-04 21:42:23,2024-12-04 21:42:23,
76442,41,COMORAS,paisOrigen,,1,1,,1,0,0,2024-12-04 21:42:23,2024-12-04 21:42:23,
76443,42,CONGO,paisOrigen,,1,1,,1,0,0,2024-12-04 21:42:23,2024-12-04 21:42:23,
76444,43,COSTA RICA,paisOrigen,,1,1,,1,0,0,2024-12-04 21:42:23,2024-12-04 21:42:23,
76445,44,CROACIA,paisOrigen,,1,1,,1,0,0,2024-12-04 21:42:23,2024-12-04 21:42:23,
76446,45,CUBA,paisOrigen,,1,1,,1,0,0,2024-12-04 21:42:23,2024-12-04 21:42:23,
76447,46,COSTA DE MARFIL,paisOrigen,,1,1,,1,0,0,2024-12-04 21:42:23,2024-12-04 21:42:23,
76448,47,DINAMARCA,paisOrigen,,1,1,,1,0,0,2024-12-04 21:42:23,2024-12-04 21:42:23,
76449,48,DJIBOUTI,paisOrigen,,1,1,,1,0,0,2024-12-04 21:42:23,2024-12-04 21:42:23,
76450,49,DOMINICA,paisOrigen,,1,1,,1,0,0,2024-12-04 21:42:23,2024-12-04 21:42:23,
76451,197,NO REGISTRADO,paisOrigen,,1,1,,1,0,0,2024-12-04 21:42:23,2024-12-04 21:42:23,
76452,50,ECUADOR,paisOrigen,,1,1,,1,0,0,2024-12-04 21:42:23,2024-12-04 21:42:23,
76453,51,EGIPTO,paisOrigen,,1,1,,1,0,0,2024-12-04 21:42:23,2024-12-04 21:42:23,
76454,52,EL SALVADOR,paisOrigen,,1,1,,1,0,0,2024-12-04 21:42:23,2024-12-04 21:42:23,
76455,53,EMIRATOS ÁRABES UNIDOS,paisOrigen,,1,1,,1,0,0,2024-12-04 21:42:23,2024-12-04 21:42:23,
76456,54,ERITREA,paisOrigen,,1,1,,1,0,0,2024-12-04 21:42:23,2024-12-04 21:42:23,
76457,55,ESLOVAQUIA,paisOrigen,,1,1,,1,0,0,2024-12-04 21:42:23,2024-12-04 21:42:23,
76458,56,ESLOVENIA,paisOrigen,,1,1,,1,0,0,2024-12-04 21:42:23,2024-12-04 21:42:23,
76459,57,ESPAÑA,paisOrigen,,1,1,,1,0,0,2024-12-04 21:42:23,2024-12-04 21:42:23,
76460,58,ESTADOS UNIDOS DE AMÉRICA,paisOrigen,,1,1,,1,0,0,2024-12-04 21:42:23,2024-12-04 21:42:23,
76461,59,ESTONIA,paisOrigen,,1,1,,1,0,0,2024-12-04 21:42:23,2024-12-04 21:42:23,
76462,60,ETIOPÍA,paisOrigen,,1,1,,1,0,0,2024-12-04 21:42:23,2024-12-04 21:42:23,
76463,61,FEDERACIÓN DE RUSIA,paisOrigen,,1,1,,1,0,0,2024-12-04 21:42:23,2024-12-04 21:42:23,
76464,62,FIYI,paisOrigen,,1,1,,1,0,0,2024-12-04 21:42:23,2024-12-04 21:42:23,
76465,63,FILIPINAS,paisOrigen,,1,1,,1,0,0,2024-12-04 21:42:23,2024-12-04 21:42:23,
76466,64,FINLANDIA,paisOrigen,,1,1,,1,0,0,2024-12-04 21:42:23,2024-12-04 21:42:23,
76467,65,FRANCIA,paisOrigen,,1,1,,1,0,0,2024-12-04 21:42:23,2024-12-04 21:42:23,
76468,66,GABÓN,paisOrigen,,1,1,,1,0,0,2024-12-04 21:42:23,2024-12-04 21:42:23,
76469,67,GAMBIA,paisOrigen,,1,1,,1,0,0,2024-12-04 21:42:23,2024-12-04 21:42:23,
76470,68,GEORGIA,paisOrigen,,1,1,,1,0,0,2024-12-04 21:42:23,2024-12-04 21:42:23,
76471,69,GHANA,paisOrigen,,1,1,,1,0,0,2024-12-04 21:42:23,2024-12-04 21:42:23,
76472,70,GRANADA,paisOrigen,,1,1,,1,0,0,2024-12-04 21:42:23,2024-12-04 21:42:23,
76473,71,GRECIA,paisOrigen,,1,1,,1,0,0,2024-12-04 21:42:23,2024-12-04 21:42:23,
76474,72,GUATEMALA,paisOrigen,,1,1,,1,0,0,2024-12-04 21:42:23,2024-12-04 21:42:23,
76475,73,GUINEA,paisOrigen,,1,1,,1,0,0,2024-12-04 21:42:23,2024-12-04 21:42:23,
76476,74,GUINEA ECUATORIAL,paisOrigen,,1,1,,1,0,0,2024-12-04 21:42:23,2024-12-04 21:42:23,
76477,75,GUINEA-BISSAU,paisOrigen,,1,1,,1,0,0,2024-12-04 21:42:23,2024-12-04 21:42:23,
76478,76,GUYANA,paisOrigen,,1,1,,1,0,0,2024-12-04 21:42:23,2024-12-04 21:42:23,
76479,77,HAITÍ,paisOrigen,,1,1,,1,0,0,2024-12-04 21:42:23,2024-12-04 21:42:23,
76480,78,HONDURAS,paisOrigen,,1,1,,1,0,0,2024-12-04 21:42:23,2024-12-04 21:42:23,
76481,79,HUNGRÍA,paisOrigen,,1,1,,1,0,0,2024-12-04 21:42:23,2024-12-04 21:42:23,
76482,80,INDIA,paisOrigen,,1,1,,1,0,0,2024-12-04 21:42:23,2024-12-04 21:42:23,
76483,81,INDONESIA,paisOrigen,,1,1,,1,0,0,2024-12-04 21:42:23,2024-12-04 21:42:23,
76484,82,IRAQ,paisOrigen,,1,1,,1,0,0,2024-12-04 21:42:23,2024-12-04 21:42:23,
76485,83,IRLANDA,paisOrigen,,1,1,,1,0,0,2024-12-04 21:42:23,2024-12-04 21:42:23,
76486,84,IRÁN (REPÚBLICA ISLÁMICA DE),paisOrigen,,1,1,,1,0,0,2024-12-04 21:42:23,2024-12-04 21:42:23,
76488,86,ISLAS COOK,paisOrigen,,1,1,,1,0,0,2024-12-04 21:42:23,2024-12-04 21:42:23,
76489,87,ISLAS FEROE (MIEMBRO ASOCIADO),paisOrigen,,1,1,,1,0,0,2024-12-04 21:42:23,2024-12-04 21:42:23,
76490,88,ISLAS MARSHALL,paisOrigen,,1,1,,1,0,0,2024-12-04 21:42:23,2024-12-04 21:42:23,
76491,89,ISLAS SALOMÓN,paisOrigen,,1,1,,1,0,0,2024-12-04 21:42:23,2024-12-04 21:42:23,
76492,90,ISRAEL,paisOrigen,,1,1,,1,0,0,2024-12-04 21:42:23,2024-12-04 21:42:23,
76493,91,ITALIA,paisOrigen,,1,1,,1,0,0,2024-12-04 21:42:23,2024-12-04 21:42:23,
76494,92,JAMAICA,paisOrigen,,1,1,,1,0,0,2024-12-04 21:42:23,2024-12-04 21:42:23,
76495,93,JAPÓN,paisOrigen,,1,1,,1,0,0,2024-12-04 21:42:23,2024-12-04 21:42:23,
76496,94,JORDANIA,paisOrigen,,1,1,,1,0,0,2024-12-04 21:42:23,2024-12-04 21:42:23,
76497,95,KAZAJISTÁN,paisOrigen,,1,1,,1,0,0,2024-12-04 21:42:23,2024-12-04 21:42:23,
76498,96,KENIA,paisOrigen,,1,1,,1,0,0,2024-12-04 21:42:23,2024-12-04 21:42:23,
76499,97,KIRGUISTÁN,paisOrigen,,1,1,,1,0,0,2024-12-04 21:42:23,2024-12-04 21:42:23,
76500,98,KIRIBATI,paisOrigen,,1,1,,1,0,0,2024-12-04 21:42:23,2024-12-04 21:42:23,
76501,99,KUWAIT,paisOrigen,,1,1,,1,0,0,2024-12-04 21:42:23,2024-12-04 21:42:23,
76502,100,LESOTO,paisOrigen,,1,1,,1,0,0,2024-12-04 21:42:23,2024-12-04 21:42:23,
76503,101,LETONIA,paisOrigen,,1,1,,1,0,0,2024-12-04 21:42:23,2024-12-04 21:42:23,
76504,102,LIBERIA,paisOrigen,,1,1,,1,0,0,2024-12-04 21:42:23,2024-12-04 21:42:23,
76505,103,LIBIA,paisOrigen,,1,1,,1,0,0,2024-12-04 21:42:23,2024-12-04 21:42:23,
76506,104,LITUANIA,paisOrigen,,1,1,,1,0,0,2024-12-04 21:42:23,2024-12-04 21:42:23,
76507,105,LUXEMBURGO,paisOrigen,,1,1,,1,0,0,2024-12-04 21:42:23,2024-12-04 21:42:23,
76508,106,LÍBANO,paisOrigen,,1,1,,1,0,0,2024-12-04 21:42:23,2024-12-04 21:42:23,
76509,107,MADAGASCAR,paisOrigen,,1,1,,1,0,0,2024-12-04 21:42:23,2024-12-04 21:42:23,
76510,108,MALASIA,paisOrigen,,1,1,,1,0,0,2024-12-04 21:42:23,2024-12-04 21:42:23,
76511,109,MALAWI,paisOrigen,,1,1,,1,0,0,2024-12-04 21:42:23,2024-12-04 21:42:23,
76512,110,MALDIVAS,paisOrigen,,1,1,,1,0,0,2024-12-04 21:42:23,2024-12-04 21:42:23,
76513,111,MALTA,paisOrigen,,1,1,,1,0,0,2024-12-04 21:42:23,2024-12-04 21:42:23,
76514,112,MALÍ,paisOrigen,,1,1,,1,0,0,2024-12-04 21:42:23,2024-12-04 21:42:23,
76515,113,MARRUECOS,paisOrigen,,1,1,,1,0,0,2024-12-04 21:42:23,2024-12-04 21:42:23,
76516,114,MAURICIO,paisOrigen,,1,1,,1,0,0,2024-12-04 21:42:23,2024-12-04 21:42:23,
76517,115,MAURITANIA,paisOrigen,,1,1,,1,0,0,2024-12-04 21:42:23,2024-12-04 21:42:23,
76518,116,MICRONESIA (ESTADOS FEDERADOS DE),paisOrigen,,1,1,,1,0,0,2024-12-04 21:42:23,2024-12-04 21:42:23,
76519,117,MONGOLIA,paisOrigen,,1,1,,1,0,0,2024-12-04 21:42:23,2024-12-04 21:42:23,
76520,118,MONTENEGRO,paisOrigen,,1,1,,1,0,0,2024-12-04 21:42:23,2024-12-04 21:42:23,
76521,119,MOZAMBIQUE,paisOrigen,,1,1,,1,0,0,2024-12-04 21:42:23,2024-12-04 21:42:23,
76522,120,MYANMAR,paisOrigen,,1,1,,1,0,0,2024-12-04 21:42:23,2024-12-04 21:42:23,
76523,121,MÉXICO,paisOrigen,,1,1,,1,0,0,2024-12-04 21:42:23,2024-12-04 21:42:23,
76524,122,MÓNACO,paisOrigen,,1,1,,1,0,0,2024-12-04 21:42:23,2024-12-04 21:42:23,
76525,123,NAMIBIA,paisOrigen,,1,1,,1,0,0,2024-12-04 21:42:23,2024-12-04 21:42:23,
76526,124,NAURU,paisOrigen,,1,1,,1,0,0,2024-12-04 21:42:23,2024-12-04 21:42:23,
76527,125,NEPAL,paisOrigen,,1,1,,1,0,0,2024-12-04 21:42:23,2024-12-04 21:42:23,
76528,126,NICARAGUA,paisOrigen,,1,1,,1,0,0,2024-12-04 21:42:23,2024-12-04 21:42:23,
76529,127,NIGERIA,paisOrigen,,1,1,,1,0,0,2024-12-04 21:42:23,2024-12-04 21:42:23,
76530,128,NIUE,paisOrigen,,1,1,,1,0,0,2024-12-04 21:42:23,2024-12-04 21:42:23,
76531,129,NORUEGA,paisOrigen,,1,1,,1,0,0,2024-12-04 21:42:23,2024-12-04 21:42:23,
76532,130,NUEVA ZELANDA,paisOrigen,,1,1,,1,0,0,2024-12-04 21:42:23,2024-12-04 21:42:23,
76533,131,NÍGER,paisOrigen,,1,1,,1,0,0,2024-12-04 21:42:23,2024-12-04 21:42:23,
76534,132,OMÁN,paisOrigen,,1,1,,1,0,0,2024-12-04 21:42:23,2024-12-04 21:42:23,
76535,133,PAKISTÁN,paisOrigen,,1,1,,1,0,0,2024-12-04 21:42:23,2024-12-04 21:42:23,
76536,134,PALAOS,paisOrigen,,1,1,,1,0,0,2024-12-04 21:42:23,2024-12-04 21:42:23,
76537,135,PANAMÁ,paisOrigen,,1,1,,1,0,0,2024-12-04 21:42:23,2024-12-04 21:42:23,
76538,136,PAPUA NUEVA GUINEA,paisOrigen,,1,1,,1,0,0,2024-12-04 21:42:23,2024-12-04 21:42:23,
76539,137,PARAGUAY,paisOrigen,,1,1,,1,0,0,2024-12-04 21:42:23,2024-12-04 21:42:23,
76540,138,PAÍSES BAJOS,paisOrigen,,1,1,,1,0,0,2024-12-04 21:42:23,2024-12-04 21:42:23,
76541,139,PERÚ,paisOrigen,,1,1,,1,0,0,2024-12-04 21:42:23,2024-12-04 21:42:23,
76542,140,POLONIA,paisOrigen,,1,1,,1,0,0,2024-12-04 21:42:23,2024-12-04 21:42:23,
76543,141,PORTUGAL,paisOrigen,,1,1,,1,0,0,2024-12-04 21:42:23,2024-12-04 21:42:23,
76544,142,QATAR,paisOrigen,,1,1,,1,0,0,2024-12-04 21:42:23,2024-12-04 21:42:23,
76545,143,REINO UNIDO,paisOrigen,,1,1,,1,0,0,2024-12-04 21:42:23,2024-12-04 21:42:23,
76546,144,REPÚBLICA CENTROAFRICANA,paisOrigen,,1,1,,1,0,0,2024-12-04 21:42:23,2024-12-04 21:42:23,
76547,145,REPÚBLICA DEMOCRÁTICA POPULAR LAO,paisOrigen,,1,1,,1,0,0,2024-12-04 21:42:23,2024-12-04 21:42:23,
76548,146,REPÚBLICA DEMOCRÁTICA DEL CONGO,paisOrigen,,1,1,,1,0,0,2024-12-04 21:42:23,2024-12-04 21:42:23,
76549,147,REPÚBLICA DOMINICANA,paisOrigen,,1,1,,1,0,0,2024-12-04 21:42:23,2024-12-04 21:42:23,
76550,148,REPÚBLICA POPULAR DEMOCRÁTICA DE COREA,paisOrigen,,1,1,,1,0,0,2024-12-04 21:42:23,2024-12-04 21:42:23,
76551,149,REPÚBLICA UNIDA DE TANZANÍA,paisOrigen,,1,1,,1,0,0,2024-12-04 21:42:23,2024-12-04 21:42:23,
76552,150,REPÚBLICA DE COREA,paisOrigen,,1,1,,1,0,0,2024-12-04 21:42:23,2024-12-04 21:42:23,
76553,151,REPÚBLICA DE MOLDAVIA,paisOrigen,,1,1,,1,0,0,2024-12-04 21:42:23,2024-12-04 21:42:23,
76554,152,REPÚBLICA ÁRABE SIRIA,paisOrigen,,1,1,,1,0,0,2024-12-04 21:42:23,2024-12-04 21:42:23,
76555,153,RUMANIA,paisOrigen,,1,1,,1,0,0,2024-12-04 21:42:23,2024-12-04 21:42:23,
76556,154,REPÚBLICA DE RUANDA,paisOrigen,,1,1,,1,0,0,2024-12-04 21:42:23,2024-12-04 21:42:23,
76557,1,CI - CÉDULA DE IDENTIDAD,tipoDocumentoIdentidad,,1,1,,1,0,0,2024-12-04 21:42:29,2024-12-04 21:42:29,
76558,2,CEX - CÉDULA DE IDENTIDAD DE EXTRANJERO,tipoDocumentoIdentidad,,1,1,,1,0,0,2024-12-04 21:42:29,2024-12-04 21:42:29,
76559,5,NIT - NÚMERO DE IDENTIFICACIÓN TRIBUTARIA,tipoDocumentoIdentidad,,1,1,,1,0,0,2024-12-04 21:42:29,2024-12-04 21:42:29,
76560,3,PAS - PASAPORTE,tipoDocumentoIdentidad,,1,1,,1,0,0,2024-12-04 21:42:29,2024-12-04 21:42:29,
76561,4,OD - OTRO DOCUMENTO DE IDENTIDAD,tipoDocumentoIdentidad,,1,1,,1,0,0,2024-12-04 21:42:29,2024-12-04 21:42:29,
76562,43,FACTURA COMERCIAL DE EXPORTACIÓN HIDROCARBUROS,tipoDocumentoSector,,1,1,,1,0,0,2024-12-04 21:42:35,2024-12-04 21:42:35,
76563,53,FACTURA IMPORTACION COMERCIALIZACION LUBRICANTES IEHD,tipoDocumentoSector,,1,1,,1,0,0,2024-12-04 21:42:35,2024-12-04 21:42:35,
76564,44,FACTURA IMPORTACION COMERCIALIZACION LUBRICANTES,tipoDocumentoSector,,1,1,,1,0,0,2024-12-04 21:42:35,2024-12-04 21:42:35,
76565,51,FACTURA ENGARRAFADORAS,tipoDocumentoSector,,1,1,,1,0,0,2024-12-04 21:42:35,2024-12-04 21:42:35,
76566,40,FACTURA DE SERVICIOS BÁSICOS ZF,tipoDocumentoSector,,1,1,,1,0,0,2024-12-04 21:42:35,2024-12-04 21:42:35,
76567,35,FACTURA COMPRA VENTA BONIFICACIONES,tipoDocumentoSector,,1,1,,1,0,0,2024-12-04 21:42:35,2024-12-04 21:42:35,
76568,41,FACTURA COMPRA VENTA TASAS,tipoDocumentoSector,,1,1,,1,0,0,2024-12-04 21:42:35,2024-12-04 21:42:35,
76569,36,FACTURA PREVALORADA SDCF,tipoDocumentoSector,,1,1,,1,0,0,2024-12-04 21:42:35,2024-12-04 21:42:35,
76570,6,FACTURA DE SERVICIO TURÍSTICO Y HOSPEDAJE,tipoDocumentoSector,,1,1,,1,0,0,2024-12-04 21:42:35,2024-12-04 21:42:35,
76571,8,FACTURA DE TASA CERO POR VENTA DE LIBROS Y TRANSPORTE INTERNACIONAL DE CARGA,tipoDocumentoSector,,1,1,,1,0,0,2024-12-04 21:42:35,2024-12-04 21:42:35,
76572,19,FACTURA HIDROCARBUROS ALCANZADA IEHD,tipoDocumentoSector,,1,1,,1,0,0,2024-12-04 21:42:35,2024-12-04 21:42:35,
76573,42,FACTURA ALQUILER ZF,tipoDocumentoSector,,1,1,,1,0,0,2024-12-04 21:42:35,2024-12-04 21:42:35,
76574,28,FACTURA COMERCIAL DE EXPORTACIÓN DE SERVICIOS,tipoDocumentoSector,,1,1,,1,0,0,2024-12-04 21:42:35,2024-12-04 21:42:35,
76575,45,FACTURA COMERCIAL DE EXPORTACION PRECIO VENTA,tipoDocumentoSector,,1,1,,1,0,0,2024-12-04 21:42:35,2024-12-04 21:42:35,
76576,46,FACTURA SECTORES EDUCATIVO ZONA FRANCA,tipoDocumentoSector,,1,1,,1,0,0,2024-12-04 21:42:35,2024-12-04 21:42:35,
76577,33,FACTURA TASA CERO BIENES CAPITAL,tipoDocumentoSector,,1,1,,1,0,0,2024-12-04 21:42:35,2024-12-04 21:42:35,
76578,47,NOTA CREDITO DEBITO DESCUENTO,tipoDocumentoSector,,1,1,,1,0,0,2024-12-04 21:42:35,2024-12-04 21:42:35,
76579,48,NOTA CREDITO DEBITO ICE,tipoDocumentoSector,,1,1,,1,0,0,2024-12-04 21:42:35,2024-12-04 21:42:35,
76580,49,FACTURA TELECOMUNICACIONES ZONA FRANCA,tipoDocumentoSector,,1,1,,1,0,0,2024-12-04 21:42:35,2024-12-04 21:42:35,
76581,50,FACTURA DE HOSPITALES/CLÍNICAS ZONA FRANCA,tipoDocumentoSector,,1,1,,1,0,0,2024-12-04 21:42:35,2024-12-04 21:42:35,
76582,52,FACTURA VENTA MINERAL BANCO CENTRAL,tipoDocumentoSector,,1,1,,1,0,0,2024-12-04 21:42:35,2024-12-04 21:42:35,
76583,10,FACTURA DUTTY FREE,tipoDocumentoSector,,1,1,,1,0,0,2024-12-04 21:42:35,2024-12-04 21:42:35,
76584,29,NOTA DE CONCILIACION,tipoDocumentoSector,,1,1,,1,0,0,2024-12-04 21:42:35,2024-12-04 21:42:35,
76585,20,FACTURA COMERCIAL DE EXPORTACIÓN DE MINERALES,tipoDocumentoSector,,1,1,,1,0,0,2024-12-04 21:42:35,2024-12-04 21:42:35,
76586,30,BOLETO AEREO,tipoDocumentoSector,,1,1,,1,0,0,2024-12-04 21:42:35,2024-12-04 21:42:35,
76587,37,FACTURA DE COMERCIALIZACIÓN DE GNV,tipoDocumentoSector,,1,1,,1,0,0,2024-12-04 21:42:35,2024-12-04 21:42:35,
76588,31,FACTURA DE SUMINISTRO,tipoDocumentoSector,,1,1,,1,0,0,2024-12-04 21:42:35,2024-12-04 21:42:35,
76589,21,FACTURA VENTA INTERNA MINERALES,tipoDocumentoSector,,1,1,,1,0,0,2024-12-04 21:42:35,2024-12-04 21:42:35,
76590,38,FACTURA HIDROCARBUROS NO ALCANZADA IEHD,tipoDocumentoSector,,1,1,,1,0,0,2024-12-04 21:42:35,2024-12-04 21:42:35,
76591,34,FACTURA DE SEGUROS,tipoDocumentoSector,,1,1,,1,0,0,2024-12-04 21:42:35,2024-12-04 21:42:35,
76592,39,FACTURA COMERCIALIZACION GN y GLP,tipoDocumentoSector,,1,1,,1,0,0,2024-12-04 21:42:35,2024-12-04 21:42:35,
76593,23,FACTURA PREVALORADA,tipoDocumentoSector,,1,1,,1,0,0,2024-12-04 21:42:35,2024-12-04 21:42:35,
76594,1,FACTURA COMPRA-VENTA,tipoDocumentoSector,,1,1,,1,0,0,2024-12-04 21:42:35,2024-12-04 21:42:35,
76595,11,FACTURA SECTORES EDUCATIVOS,tipoDocumentoSector,,1,1,,1,0,0,2024-12-04 21:42:35,2024-12-04 21:42:35,
76596,2,FACTURA DE ALQUILER DE BIENES INMUEBLES,tipoDocumentoSector,,1,1,,1,0,0,2024-12-04 21:42:35,2024-12-04 21:42:35,
76597,12,FACTURA DE COMERCIALIZACIÓN DE HIDROCARBUROS,tipoDocumentoSector,,1,1,,1,0,0,2024-12-04 21:42:35,2024-12-04 21:42:35,
76598,13,FACTURA DE SERVICIOS BÁSICOS,tipoDocumentoSector,,1,1,,1,0,0,2024-12-04 21:42:35,2024-12-04 21:42:35,
76599,14,FACTURA PRODUCTOS ALCANZADOS POR EL ICE,tipoDocumentoSector,,1,1,,1,0,0,2024-12-04 21:42:35,2024-12-04 21:42:35,
76600,15,FACTURA DE ENTIDADES FINANCIERAS,tipoDocumentoSector,,1,1,,1,0,0,2024-12-04 21:42:35,2024-12-04 21:42:35,
76601,16,FACTURA DE HOTELES,tipoDocumentoSector,,1,1,,1,0,0,2024-12-04 21:42:35,2024-12-04 21:42:35,
76602,17,FACTURA DE HOSPITALES/CLÍNICAS,tipoDocumentoSector,,1,1,,1,0,0,2024-12-04 21:42:35,2024-12-04 21:42:35,
76603,18,FACTURA DE JUEGOS DE AZAR,tipoDocumentoSector,,1,1,,1,0,0,2024-12-04 21:42:35,2024-12-04 21:42:35,
76604,3,FACTURA COMERCIAL DE EXPORTACIÓN,tipoDocumentoSector,,1,1,,1,0,0,2024-12-04 21:42:35,2024-12-04 21:42:35,
76605,4,FACTURA COMERCIAL DE EXPORTACIÓN EN LIBRE CONSIGNACIÓN,tipoDocumentoSector,,1,1,,1,0,0,2024-12-04 21:42:35,2024-12-04 21:42:35,
76606,5,FACTURA DE ZONA FRANCA,tipoDocumentoSector,,1,1,,1,0,0,2024-12-04 21:42:35,2024-12-04 21:42:35,
76607,7,FACTURA DE COMERCIALIZACIÓN DE ALIMENTOS – SEGURIDAD ,tipoDocumentoSector,,1,1,,1,0,0,2024-12-04 21:42:35,2024-12-04 21:42:35,
76608,22,FACTURA TELECOMUNICACIONES,tipoDocumentoSector,,1,1,,1,0,0,2024-12-04 21:42:35,2024-12-04 21:42:35,
76609,9,FACTURA DE COMPRA Y VENTA DE MONEDA EXTRANJERA ,tipoDocumentoSector,,1,1,,1,0,0,2024-12-04 21:42:35,2024-12-04 21:42:35,
76610,24,NOTA DE CRÉDITO-DÉBITO,tipoDocumentoSector,,1,1,,1,0,0,2024-12-04 21:42:35,2024-12-04 21:42:35,
76611,1,FACTURA MAL EMITIDA,motivoAnulacion,,1,1,,1,0,0,2026-02-09 19:34:32,2026-02-09 19:34:32,
76612,2,NOTA DE CREDITO-DEBITO MAL EMITIDA,motivoAnulacion,,1,1,,1,0,0,2026-02-09 19:34:32,2026-02-09 19:34:32,
76613,3,DATOS DE EMISION INCORRECTOS,motivoAnulacion,,1,1,,1,0,0,2026-02-09 19:34:32,2026-02-09 19:34:32,
76614,4,FACTURA O NOTA DE CREDITO-DEBITO DEVUELTA,motivoAnulacion,,1,1,,1,0,0,2026-02-09 19:34:32,2026-02-09 19:34:32,
76615,123,CODIGO UNICO DE FACTURACION DIARIA (CUFD) FUERA DE TOLERANCIA,mensajesServicios,,1,1,,1,0,0,2026-02-09 19:34:40,2026-02-09 19:34:40,
76616,901,RECEPCION PENDIENTE,mensajesServicios,,1,1,,1,0,0,2026-02-09 19:34:40,2026-02-09 19:34:40,
76617,902,RECEPCION RECHAZADA,mensajesServicios,,1,1,,1,0,0,2026-02-09 19:34:40,2026-02-09 19:34:40,
76618,903,RECEPCION PROCESADA,mensajesServicios,,1,1,,1,0,0,2026-02-09 19:34:40,2026-02-09 19:34:40,
76619,904,RECEPCION OBSERVADA,mensajesServicios,,1,1,,1,0,0,2026-02-09 19:34:40,2026-02-09 19:34:40,
76620,905,ANULACION CONFIRMADA,mensajesServicios,,1,1,,1,0,0,2026-02-09 19:34:40,2026-02-09 19:34:40,
76621,906,ANULACION RECHAZADA,mensajesServicios,,1,1,,1,0,0,2026-02-09 19:34:40,2026-02-09 19:34:40,
76622,907,REVERSION DE ANULACION CONFIRMADA,mensajesServicios,,1,1,,1,0,0,2026-02-09 19:34:40,2026-02-09 19:34:40,
76623,908,RECEPCION VALIDADA,mensajesServicios,,1,1,,1,0,0,2026-02-09 19:34:40,2026-02-09 19:34:40,
76624,909,REVERSION DE ANULACION RECHAZADA,mensajesServicios,,1,1,,1,0,0,2026-02-09 19:34:40,2026-02-09 19:34:40,
76625,910,EL PARAMETRO AMBIENTE ES INVALIDO,mensajesServicios,,1,1,,1,0,0,2026-02-09 19:34:40,2026-02-09 19:34:40,
76626,911,EL PARAMETRO CODIGO DE SISTEMA ES INVALIDO,mensajesServicios,,1,1,,1,0,0,2026-02-09 19:34:40,2026-02-09 19:34:40,
76627,912,EL SISTEMA NO ESTA ASOCIADO AL CONTRIBUYENTE,mensajesServicios,,1,1,,1,0,0,2026-02-09 19:34:40,2026-02-09 19:34:40,
76628,913,CODIGO UNICO DE INICIO DE SISTEMA (CUIS) INVALIDO,mensajesServicios,,1,1,,1,0,0,2026-02-09 19:34:40,2026-02-09 19:34:40,
76629,914,CODIGO UNICO DE FACTURACION DIARIA (CUFD) INVALIDO,mensajesServicios,,1,1,,1,0,0,2026-02-09 19:34:40,2026-02-09 19:34:40,
76630,915,EL PARAMETRO TIPO FACTURA DOCUMENTO ES INVALIDO,mensajesServicios,,1,1,,1,0,0,2026-02-09 19:34:40,2026-02-09 19:34:40,
76631,916,EL PARAMETRO TIPO DE EMISION ES INVALIDO,mensajesServicios,,1,1,,1,0,0,2026-02-09 19:34:40,2026-02-09 19:34:40,
76632,917,EL PARAMETRO MODALIDAD ES INVALIDO,mensajesServicios,,1,1,,1,0,0,2026-02-09 19:34:40,2026-02-09 19:34:40,
76633,918,EL PARAMETRO SUCURSAL ES INVALIDO,mensajesServicios,,1,1,,1,0,0,2026-02-09 19:34:40,2026-02-09 19:34:40,
76634,919,EL PARAMETRO NIT ES INVALIDO,mensajesServicios,,1,1,,1,0,0,2026-02-09 19:34:40,2026-02-09 19:34:40,
76635,920,EL PARAMETRO ARCHIVO ES INVALIDO,mensajesServicios,,1,1,,1,0,0,2026-02-09 19:34:40,2026-02-09 19:34:40,
76636,921,EL FIRMADO DEL XML ES INCORRECTO,mensajesServicios,,1,1,,1,0,0,2026-02-09 19:34:40,2026-02-09 19:34:40,
76637,922,LA FIRMA DEL XML NO CORRESPONDE AL CONTRIBUYENTE,mensajesServicios,,1,1,,1,0,0,2026-02-09 19:34:40,2026-02-09 19:34:40,
76638,923,EL PARAMETRO CODIGO DE RECEPCION ES INVALIDO,mensajesServicios,,1,1,,1,0,0,2026-02-09 19:34:40,2026-02-09 19:34:40,
76639,924,"LA FACTURA O NOTA, NO EXISTE EN LA BASE DE DATOS DEL SIN",mensajesServicios,,1,1,,1,0,0,2026-02-09 19:34:40,2026-02-09 19:34:40,
76640,925,EL PARAMETRO MOTIVO DE ANULACION ES INVALIDO,mensajesServicios,,1,1,,1,0,0,2026-02-09 19:34:40,2026-02-09 19:34:40,
76641,926,COMUNICACION EXITOSA,mensajesServicios,,1,1,,1,0,0,2026-02-09 19:34:40,2026-02-09 19:34:40,
76642,927,EL CERTIFICADO DE LA FIRMA ES INVALIDO,mensajesServicios,,1,1,,1,0,0,2026-02-09 19:34:40,2026-02-09 19:34:40,
76643,928,EL CERTIFICADO SE ENCUENTRA REVOCADO,mensajesServicios,,1,1,,1,0,0,2026-02-09 19:34:40,2026-02-09 19:34:40,
76644,929,EL CODIGO UNICO DE INICIO DE SISTEMA (CUIS) NO ESTA VIGENTE,mensajesServicios,,1,1,,1,0,0,2026-02-09 19:34:40,2026-02-09 19:34:40,
76645,930,EL CODIGO UNICO DE INICIO DE SISTEMA (CUIS) NO CORRESPONDE A LA SUCURSAL/PUNTO VENTA,mensajesServicios,,1,1,,1,0,0,2026-02-09 19:34:40,2026-02-09 19:34:40,
76646,931,EL PARAMETRO CODIGO DOCUMENTO SECTOR ES INVALIDO,mensajesServicios,,1,1,,1,0,0,2026-02-09 19:34:40,2026-02-09 19:34:40,
76647,932,EL PARAMETRO CODIGO DOCUMENTO SECTOR NO CORRESPONDE AL SERVICIO,mensajesServicios,,1,1,,1,0,0,2026-02-09 19:34:40,2026-02-09 19:34:40,
76648,933,EL PUNTO DE VENTA ES INEXISTENTE O INVALIDO,mensajesServicios,,1,1,,1,0,0,2026-02-09 19:34:40,2026-02-09 19:34:40,
76649,934,LA SOLICITUD DE ANULACION DE LA FACTURA O NOTA DE CREDITO-DEBITO SE ENCUENTRA FUERA DE PLAZO,mensajesServicios,,1,1,,1,0,0,2026-02-09 19:34:40,2026-02-09 19:34:40,
76650,935,EL PARAMETRO FECHA DE ENVIO ES INVALIDO,mensajesServicios,,1,1,,1,0,0,2026-02-09 19:34:40,2026-02-09 19:34:40,
76651,936,LA FACTURA O NOTA DE CREDITO-DEBITO YA SE ENCUENTRA ANULADA,mensajesServicios,,1,1,,1,0,0,2026-02-09 19:34:40,2026-02-09 19:34:40,
76652,937,EL NIT NO TIENE ASOCIADO LA MODALIDAD DE FACTURACION,mensajesServicios,,1,1,,1,0,0,2026-02-09 19:34:40,2026-02-09 19:34:40,
76653,938,EL NIT PRESENTA MARCAS DE CONTROL,mensajesServicios,,1,1,,1,0,0,2026-02-09 19:34:41,2026-02-09 19:34:41,
76654,939,LA FACTURA O NOTA DE CREDITO - DEBITO NO CUMPLE CON EL FORMATO DEL XSD ESPECIFICADO,mensajesServicios,,1,1,,1,0,0,2026-02-09 19:34:41,2026-02-09 19:34:41,
76655,940,EL NIT NO TIENE HABILITADO EL DOCUMENTO SECTOR,mensajesServicios,,1,1,,1,0,0,2026-02-09 19:34:41,2026-02-09 19:34:41,
76656,941,LA FACTURA O NOTA DE CREDITO - DEBITO NO SE ENCUENTRA DISPONIBLE PARA SER ANULADA,mensajesServicios,,1,1,,1,0,0,2026-02-09 19:34:41,2026-02-09 19:34:41,
76657,942,EL CODIGO DE RECEPCION DE EVENTO SIGNIFICATIVO NO SE ENCUENTRA EN LA BASE DE DATOS DEL SIN,mensajesServicios,,1,1,,1,0,0,2026-02-09 19:34:41,2026-02-09 19:34:41,
76658,943,EL FORMATO DE LA FECHA DE ENVIO ES INCORRECTO,mensajesServicios,,1,1,,1,0,0,2026-02-09 19:34:41,2026-02-09 19:34:41,
76659,944,EL CODIGO DE RECEPCION NO SE ENCUENTRA EN LA BASE DE DATOS DEL SIN,mensajesServicios,,1,1,,1,0,0,2026-02-09 19:34:41,2026-02-09 19:34:41,
76660,945,EL ESTADO DE RECEPCION DE LA ANULACION ES INCORRECTA,mensajesServicios,,1,1,,1,0,0,2026-02-09 19:34:41,2026-02-09 19:34:41,
76661,946,EL CODIGO UNICO DE FACTURA (CUF) NO EXISTE EN BASE DE DATOS DEL SIN,mensajesServicios,,1,1,,1,0,0,2026-02-09 19:34:41,2026-02-09 19:34:41,
76662,947,EL PARAMETRO TIPO DE PUNTO DE VENTA ES INVALIDO,mensajesServicios,,1,1,,1,0,0,2026-02-09 19:34:41,2026-02-09 19:34:41,
76663,948,EL PARAMETRO NOMBRE DE PUNTO DE VENTA NO PUEDE SER VACIO,mensajesServicios,,1,1,,1,0,0,2026-02-09 19:34:41,2026-02-09 19:34:41,
76664,949,EL PARAMETRO DESCRIPCION DE PUNTO DE VENTA NO PUEDE SER VACIO,mensajesServicios,,1,1,,1,0,0,2026-02-09 19:34:41,2026-02-09 19:34:41,
76665,950,EL PARAMETRO CODIGO DE EVENTO SIGNIFICATIVO NO PUEDE SER VACIO,mensajesServicios,,1,1,,1,0,0,2026-02-09 19:34:41,2026-02-09 19:34:41,
76666,951,EL PARAMETRO DESCRIPCION DE EVENTO SIGNIFICATIVO NO PUEDE SER VACIO,mensajesServicios,,1,1,,1,0,0,2026-02-09 19:34:41,2026-02-09 19:34:41,
76667,952,EL CODIGO UNICO DE FACTURA (CUF) YA SE ENCUENTRA REGISTRADO EN LA BASE DE DATOS DEL SIN,mensajesServicios,,1,1,,1,0,0,2026-02-09 19:34:41,2026-02-09 19:34:41,
76668,953,EL CODIGO UNICO DE FACTURACION DIARIA (CUFD) NO SE ENCUENTRA VIGENTE,mensajesServicios,,1,1,,1,0,0,2026-02-09 19:34:41,2026-02-09 19:34:41,
76669,954,LA CANTIDAD DE FACTURAS EN EL PAQUETE EMITIDO POR CONTINGENCIA HA EXCEDIDO EL MAXIMO PERMITIDO,mensajesServicios,,1,1,,1,0,0,2026-02-09 19:34:41,2026-02-09 19:34:41,
76670,955,NO EXISTE REGISTRO PARA AUTORIZAR EL PROCESO MASIVO,mensajesServicios,,1,1,,1,0,0,2026-02-09 19:34:41,2026-02-09 19:34:41,
76671,956,LA CANTIDAD DE FACTURAS EN EL PAQUETE EMITIDO MASIVAMENTE HA EXCEDIDO EL MAXIMO PERMITIDO,mensajesServicios,,1,1,,1,0,0,2026-02-09 19:34:41,2026-02-09 19:34:41,
76672,957,NO EXISTE REGISTRO DE EVENTO SIGNIFICATIVO EN LA BASE DE DATOS DEL SIN,mensajesServicios,,1,1,,1,0,0,2026-02-09 19:34:41,2026-02-09 19:34:41,
76673,958,EL USUARIO NO SE ENCUENTRA AUTORIZADO PARA CONSUMIR ESTE SERVICIO,mensajesServicios,,1,1,,1,0,0,2026-02-09 19:34:41,2026-02-09 19:34:41,
76674,959,EL CODIGO UNICO DE INICIO DE SISTEMA (CUIS) NO SE ENCUENTRA ASOCIADO AL SISTEMA,mensajesServicios,,1,1,,1,0,0,2026-02-09 19:34:41,2026-02-09 19:34:41,
76675,960,EL PARAMETRO FIN DE EVENTO ES REQUERIDO,mensajesServicios,,1,1,,1,0,0,2026-02-09 19:34:41,2026-02-09 19:34:41,
76676,961,EL NIT TIENE MARCA DE DOMICILIO INEXISTENTE,mensajesServicios,,1,1,,1,0,0,2026-02-09 19:34:41,2026-02-09 19:34:41,
76677,962,EL NIT TIENE BLOQUEO DE DOSIFICACION ORIGINADO EN FISCALIZACION,mensajesServicios,,1,1,,1,0,0,2026-02-09 19:34:41,2026-02-09 19:34:41,
76678,963,EL NIT TIENE BLOQUEO DE DOSIFICACION ORIGINADO EN JURIDICA,mensajesServicios,,1,1,,1,0,0,2026-02-09 19:34:41,2026-02-09 19:34:41,
76679,964,EL NIT NO CUMPLE CON OBLIGATORIEDAD DE PRESENTACION DE DDJJ,mensajesServicios,,1,1,,1,0,0,2026-02-09 19:34:41,2026-02-09 19:34:41,
76680,965,EL CONTRIBUYENTE NO CUENTA CON FIRMA VIGENTE REGISTRADA,mensajesServicios,,1,1,,1,0,0,2026-02-09 19:34:41,2026-02-09 19:34:41,
76681,966,NO SE PUEDE RECUPERAR LOS DATOS DEL CONTRIBUYENTE,mensajesServicios,,1,1,,1,0,0,2026-02-09 19:34:41,2026-02-09 19:34:41,
76682,967,TIEMPO DE ESPERA AGOTADO PARA CONEXION A BASE DE DATOS,mensajesServicios,,1,1,,1,0,0,2026-02-09 19:34:41,2026-02-09 19:34:41,
76683,968,LA ANULACION DE LA FACTURA O NOTA DE CREDITO - DEBITO YA SE ENCUENTRA REVERTIDA,mensajesServicios,,1,1,,1,0,0,2026-02-09 19:34:41,2026-02-09 19:34:41,
76684,969,EL PARAMETRO HASH ES INVALIDO,mensajesServicios,,1,1,,1,0,0,2026-02-09 19:34:41,2026-02-09 19:34:41,
76685,970,"EL CUIS EN LA BASE DE DATOS SE ENCUENTRA VIGENTE, NO PUEDE SOLICITAR OTRO",mensajesServicios,,1,1,,1,0,0,2026-02-09 19:34:41,2026-02-09 19:34:41,
76686,971,EL TAMAÃ‘O DEL ARCHIVO EXCEDE EL TAMAÃ‘O PERMITIDO DE 100 MB,mensajesServicios,,1,1,,1,0,0,2026-02-09 19:34:41,2026-02-09 19:34:41,
76687,972,LA CANTIDAD DE FACTURAS ENVIADA EN EL PAQUETE ES MAYOR A LA DEFINIDA EN LA NORMATIVA,mensajesServicios,,1,1,,1,0,0,2026-02-09 19:34:41,2026-02-09 19:34:41,
76688,973,EL CODIGO UNICO DE INICIO DE SISTEMA (CUIS) NO SE ENCUENTRA VIGENTE,mensajesServicios,,1,1,,1,0,0,2026-02-09 19:34:41,2026-02-09 19:34:41,
76689,974,EL RANGO DE FECHAS DEL EVENTO SIGNIFICATIVO PARA REGISTRAR ES INVÃLIDO,mensajesServicios,,1,1,,1,0,0,2026-02-09 19:34:41,2026-02-09 19:34:41,
76690,975,EL SISTEMA NO SE ENCUENTRA AUTORIZADO O SE ENCUENTRA OBSERVADO,mensajesServicios,,1,1,,1,0,0,2026-02-09 19:34:41,2026-02-09 19:34:41,
76691,976,EL CODIGO DEL EVENTO ES INCORRECTO,mensajesServicios,,1,1,,1,0,0,2026-02-09 19:34:41,2026-02-09 19:34:41,
76692,977,NO EXISTEN ACTIVIDADES ASOCIADAS AL NIT,mensajesServicios,,1,1,,1,0,0,2026-02-09 19:34:41,2026-02-09 19:34:41,
76693,978,REVERSION DE LA FACTURA O NOTA DE CREDITO/DEBITO CONFIRMADA,mensajesServicios,,1,1,,1,0,0,2026-02-09 19:34:41,2026-02-09 19:34:41,
76694,979,EL CUIS NO SE ENCUENTRA ASOCIADO AL SISTEMA O A LA SUCURSAL,mensajesServicios,,1,1,,1,0,0,2026-02-09 19:34:41,2026-02-09 19:34:41,
76695,980,EXISTE UN CUIS VIGENTE PARA LA SUCURSAL O PUNTO DE VENTA,mensajesServicios,,1,1,,1,0,0,2026-02-09 19:34:41,2026-02-09 19:34:41,
76696,981,RANGO DE FECHAS DE EVENTO SIGNIFICATIVO INVALIDO,mensajesServicios,,1,1,,1,0,0,2026-02-09 19:34:41,2026-02-09 19:34:41,
76697,982,NO EXISTE PUNTOS DE VENTA ASOCIADOS,mensajesServicios,,1,1,,1,0,0,2026-02-09 19:34:41,2026-02-09 19:34:41,
76698,983,LA FECHA DE ENVIO DEL PAQUETE ESTA FUERA DE PLAZO,mensajesServicios,,1,1,,1,0,0,2026-02-09 19:34:41,2026-02-09 19:34:41,
76699,984,EL EVENTO SIGNIFICATIVO NO CORRESPONDE AL CUFD DEL EVENTO REGISTRADO,mensajesServicios,,1,1,,1,0,0,2026-02-09 19:34:41,2026-02-09 19:34:41,
76700,985,LA CANTIDAD DE FACTURAS ES DIFERENTE A LA DECLARADA,mensajesServicios,,1,1,,1,0,0,2026-02-09 19:34:41,2026-02-09 19:34:41,
76701,986,NIT ACTIVO,mensajesServicios,,1,1,,1,0,0,2026-02-09 19:34:41,2026-02-09 19:34:41,
76702,987,NIT INACTIVO,mensajesServicios,,1,1,,1,0,0,2026-02-09 19:34:41,2026-02-09 19:34:41,
76703,988,CODIGO UNICO DE INICIO DE SISTEMA (CUIS) FUERA DE TOLERANCIA,mensajesServicios,,1,1,,1,0,0,2026-02-09 19:34:41,2026-02-09 19:34:41,
76704,989,TOKEN INVALIDO,mensajesServicios,,1,1,,1,0,0,2026-02-09 19:34:41,2026-02-09 19:34:41,
76705,990,EL CLIENTE NO TIENE ACTIVIDADES RELACIONADAS AL SECTOR QUE INTENTA ASOCIAR,mensajesServicios,,1,1,,1,0,0,2026-02-09 19:34:41,2026-02-09 19:34:41,
76706,991,ERROR EN BASE DE DATOS,mensajesServicios,,1,1,,1,0,0,2026-02-09 19:34:41,2026-02-09 19:34:41,
76707,992,ERROR SERVICIO PADRON,mensajesServicios,,1,1,,1,0,0,2026-02-09 19:34:41,2026-02-09 19:34:41,
76708,993,LA FECHA DE ENVIO ESTA FUERA DE PLAZO,mensajesServicios,,1,1,,1,0,0,2026-02-09 19:34:41,2026-02-09 19:34:41,
76709,994,NIT INEXISTENTE,mensajesServicios,,1,1,,1,0,0,2026-02-09 19:34:41,2026-02-09 19:34:41,
76710,995,SERVICIO NO DISPONIBLE,mensajesServicios,,1,1,,1,0,0,2026-02-09 19:34:41,2026-02-09 19:34:41,
76711,996,RANGO DE FECHAS INVALIDO,mensajesServicios,,1,1,,1,0,0,2026-02-09 19:34:41,2026-02-09 19:34:41,
76712,997,EL NOMBRE EXCEDE EL LIMITE DE CARACTERES PERMITIDOS,mensajesServicios,,1,1,,1,0,0,2026-02-09 19:34:41,2026-02-09 19:34:41,
76713,998,LA DESCRIPCION EXCEDE EL LIMITE DE CARACTERES PERMITIDOS,mensajesServicios,,1,1,,1,0,0,2026-02-09 19:34:41,2026-02-09 19:34:41,
76714,999,ERROR EN LA EJECUCION DEL SERVICIO,mensajesServicios,,1,1,,1,0,0,2026-02-09 19:34:41,2026-02-09 19:34:41,
76715,1000,EL CUF ENVIADO YA EXISTE EN LA BASE DE DATOS DEL SIN,mensajesServicios,,1,1,,1,0,0,2026-02-09 19:34:41,2026-02-09 19:34:41,
76716,1001,EL NIT ENVIADO EN EL XML ES INEXISTENTE O NO CORRESPONDE AL CUFD,mensajesServicios,,1,1,,1,0,0,2026-02-09 19:34:41,2026-02-09 19:34:41,
76717,1002,EL CODIGO UNICO DE FACTURA (CUF) ENVIADO EN EL XML ES INVALIDO,mensajesServicios,,1,1,,1,0,0,2026-02-09 19:34:41,2026-02-09 19:34:41,
76718,1003,EL CODIGO UNICO DE FACTURACION DIARIA (CUFD) ENVIADO EN EL XML ES INVALIDO,mensajesServicios,,1,1,,1,0,0,2026-02-09 19:34:41,2026-02-09 19:34:41,
76719,1004,LA SUCURSAL ENVIADA EN EL XML NO CORRESPONDE A LOS DATOS DEL CUFD,mensajesServicios,,1,1,,1,0,0,2026-02-09 19:34:41,2026-02-09 19:34:41,
76720,1005,LA FACTURA O NOTA DE CREDITO-DEBITO NO PUEDE SER EMITIDA AL MISMO EMISOR,mensajesServicios,,1,1,,1,0,0,2026-02-09 19:34:41,2026-02-09 19:34:41,
76721,1006,EL CUFD ENVIADO NO CORRESPONDE AL EVENTO ASOCIADO AL PAQUETE ENVIADO,mensajesServicios,,1,1,,1,0,0,2026-02-09 19:34:41,2026-02-09 19:34:41,
76722,1007,LA DIRECCION ENVIADA EN EL XML NO CORRESPONDE A LA REGISTRADA EN PADRON,mensajesServicios,,1,1,,1,0,0,2026-02-09 19:34:41,2026-02-09 19:34:41,
76723,1008,EL PUNTO DE VENTA ENVIADO EN EL XML ES INEXISTENTE O INVALIDO,mensajesServicios,,1,1,,1,0,0,2026-02-09 19:34:41,2026-02-09 19:34:41,
76724,1009,LA FECHA DE EMISION ENVIADA EN EL XML NO ES VALIDA PARA EMISION EN LINEA,mensajesServicios,,1,1,,1,0,0,2026-02-09 19:34:41,2026-02-09 19:34:41,
76725,1010,LA FACTURA NO PUEDE SER ENVIADA CON NUMERO DE CI/NIT/CEX 0 PARA MONTOS MAYORES A 3000,mensajesServicios,,1,1,,1,0,0,2026-02-09 19:34:41,2026-02-09 19:34:41,
76726,1011,EL COMPLEMENTO SOLO PUEDE SER ENVIADO CUANDO EL TIPO DE DOCUMENTO ES CARNET DE IDENTIDAD,mensajesServicios,,1,1,,1,0,0,2026-02-09 19:34:41,2026-02-09 19:34:41,
76727,1012,EL NUMERO DE TARJETA SOLO PUEDE SER ENVIADO CUANDO EL METODO DE PAGO SEA CON TARJETA,mensajesServicios,,1,1,,1,0,0,2026-02-09 19:34:41,2026-02-09 19:34:41,
76728,1013,EL CALCULO DEL MONTO TOTAL ES ERRONEO,mensajesServicios,,1,1,,1,0,0,2026-02-09 19:34:41,2026-02-09 19:34:41,
76729,1014,EL CALCULO DEL  MONTO TOTAL MONEDA ES ERRONEO,mensajesServicios,,1,1,,1,0,0,2026-02-09 19:34:41,2026-02-09 19:34:41,
76730,1015,EL CALCULO DEL IMPORTE BASE PARA CREDITO FISCAL ES ERRONEO,mensajesServicios,,1,1,,1,0,0,2026-02-09 19:34:41,2026-02-09 19:34:41,
76731,1016,EL CODIGO DE ACTIVIDAD ECONOMICA NO ESTA HABILITADA PARA EL CONTRIBUYENTE,mensajesServicios,,1,1,,1,0,0,2026-02-09 19:34:41,2026-02-09 19:34:41,
76732,1017,EL CODIGO DE PRODUCTO NO ESTA RELACIONADO A NINGUN ACTIVIDAD ECONOMICA DEL CONTRIBUYENTE,mensajesServicios,,1,1,,1,0,0,2026-02-09 19:34:41,2026-02-09 19:34:41,
76733,1018,EL CALCULO DEL SUBTOTAL ES ERRONEO,mensajesServicios,,1,1,,1,0,0,2026-02-09 19:34:41,2026-02-09 19:34:41,
76734,1019,EL CALCULO DE ICE ESPECIFICO ES ERRONEO,mensajesServicios,,1,1,,1,0,0,2026-02-09 19:34:41,2026-02-09 19:34:41,
76735,1020,EL CALCULO DE ICE PORCENTUAL ES ERRONEO,mensajesServicios,,1,1,,1,0,0,2026-02-09 19:34:41,2026-02-09 19:34:41,
76736,1021,EL MONTO ICE ESPECIFICO ES ERRONEO,mensajesServicios,,1,1,,1,0,0,2026-02-09 19:34:41,2026-02-09 19:34:41,
76737,1022,EL MONTO ICE PORCENTUAL ES ERRONEO,mensajesServicios,,1,1,,1,0,0,2026-02-09 19:34:41,2026-02-09 19:34:41,
76738,1023,EL CODIGO NANDINA ENVIADO EN LA FACTURA ES ERRONEO,mensajesServicios,,1,1,,1,0,0,2026-02-09 19:34:41,2026-02-09 19:34:41,
76739,1024,LA SUMATORIA DE LO DETALLES ES ERRONEA,mensajesServicios,,1,1,,1,0,0,2026-02-09 19:34:41,2026-02-09 19:34:41,
76740,1025,EL MONTO SUJETO A CREDITO FISCAL LEY 317 ES ERRONEO,mensajesServicios,,1,1,,1,0,0,2026-02-09 19:34:41,2026-02-09 19:34:41,
76741,1026,EL MONTO TOTAL SUJETO AL IMPUESTO DEL JUEGO (IJ) ES ERRONEO,mensajesServicios,,1,1,,1,0,0,2026-02-09 19:34:41,2026-02-09 19:34:41,
76742,1027,EL MONTO DE DIFERENCIA DE CAMBIOS ES ERRONEO,mensajesServicios,,1,1,,1,0,0,2026-02-09 19:34:41,2026-02-09 19:34:41,
76743,1028,EL MONTO DE IVA ENVIADO ES ERRONEO,mensajesServicios,,1,1,,1,0,0,2026-02-09 19:34:41,2026-02-09 19:34:41,
76744,1029,EL MONTO TOTAL DEVUELTO ENVIADO ES ERRONEO,mensajesServicios,,1,1,,1,0,0,2026-02-09 19:34:41,2026-02-09 19:34:41,
76745,1030,EL MONTO TOTAL ORIGINAL ENVIADO ES ERRONEO,mensajesServicios,,1,1,,1,0,0,2026-02-09 19:34:41,2026-02-09 19:34:41,
76746,1031,EL MONTO EFECTIVO DE CREDITO O DEBITO DEVUELTO ENVIADO ES ERRONEO,mensajesServicios,,1,1,,1,0,0,2026-02-09 19:34:41,2026-02-09 19:34:41,
76747,1032,EL MONTO TOTAL DE IMPUESTO A LA PARTICIPACION EN JUEGO (IPJ) ES ERRONEO,mensajesServicios,,1,1,,1,0,0,2026-02-09 19:34:41,2026-02-09 19:34:41,
76748,1033,EL MONTO DEVUELTO ES MAYOR AL MONTO ORIGINAL,mensajesServicios,,1,1,,1,0,0,2026-02-09 19:34:42,2026-02-09 19:34:42,
76749,1034,LA FECHA DE EMISION ES MENOR AL PERIODO ANTERIOR,mensajesServicios,,1,1,,1,0,0,2026-02-09 19:34:42,2026-02-09 19:34:42,
76750,1035,FORMATO DE FECHA INCORRECTA,mensajesServicios,,1,1,,1,0,0,2026-02-09 19:34:42,2026-02-09 19:34:42,
76751,1036,NOMINATIVIDAD INCORRECTA PARA NOMBRE/RAZON SOCIAL,mensajesServicios,,1,1,,1,0,0,2026-02-09 19:34:42,2026-02-09 19:34:42,
76752,1037,EL NUMERO DOCUMENTO DE TIPO NIT NO ES VALIDO,mensajesServicios,,1,1,,1,0,0,2026-02-09 19:34:42,2026-02-09 19:34:42,
76753,1038,NIT CONJUNTO NO VALIDO,mensajesServicios,,1,1,,1,0,0,2026-02-09 19:34:42,2026-02-09 19:34:42,
76754,1039,FECHA EMISION PARA ENVIO MASIVO INCORRECTO,mensajesServicios,,1,1,,1,0,0,2026-02-09 19:34:42,2026-02-09 19:34:42,
76755,1040,FECHA DE EMISION NO SE ENCUENTRA EN EL RANGO DE CONTINGENCIA,mensajesServicios,,1,1,,1,0,0,2026-02-09 19:34:42,2026-02-09 19:34:42,
76756,1041,LA FECHA DE EMISION NO SE ENCUENTRA DENTRO DEL PLAZO ESTABLECIDO EN NORMA,mensajesServicios,,1,1,,1,0,0,2026-02-09 19:34:42,2026-02-09 19:34:42,
76757,1042,EL NIT DEL MEDICO ENVIADO NO ES VALIDO,mensajesServicios,,1,1,,1,0,0,2026-02-09 19:34:42,2026-02-09 19:34:42,
76758,1043,EL MONTO CONCILIADO ENVIADO ES ERRONEO,mensajesServicios,,1,1,,1,0,0,2026-02-09 19:34:42,2026-02-09 19:34:42,
76759,1044,EL MONTO TOTAL CONCILIADO ENVIADO ES ERRONEO,mensajesServicios,,1,1,,1,0,0,2026-02-09 19:34:42,2026-02-09 19:34:42,
76760,1045,VALOR DE CAFC NO VALIDO PARA LA FACTURA,mensajesServicios,,1,1,,1,0,0,2026-02-09 19:34:42,2026-02-09 19:34:42,
76761,1046,FECHA EMISION PARA EL CAFC ENVIADO INCORRECTO,mensajesServicios,,1,1,,1,0,0,2026-02-09 19:34:42,2026-02-09 19:34:42,
76762,1047,NUMERO FACTURA PARA EL CAFC ENVIADO INCORRECTO,mensajesServicios,,1,1,,1,0,0,2026-02-09 19:34:42,2026-02-09 19:34:42,
76763,1048,FACTURA DE LA NOTA CREDITO DEBITO NO ENCONTRADA,mensajesServicios,,1,1,,1,0,0,2026-02-09 19:34:42,2026-02-09 19:34:42,
76764,1049,DETALLE DE LA NOTA DIFERENTE AL DETALLE DE LA FACTURA ORIGINAL,mensajesServicios,,1,1,,1,0,0,2026-02-09 19:34:42,2026-02-09 19:34:42,
76765,1050,MONTO GIFT CARD NO CORRESPONDE AL METODO DE PAGO,mensajesServicios,,1,1,,1,0,0,2026-02-09 19:34:42,2026-02-09 19:34:42,
76766,1051,FECHA DE FACTURA INCORRECTA,mensajesServicios,,1,1,,1,0,0,2026-02-09 19:34:42,2026-02-09 19:34:42,
76767,1052,EL CALCULO DEL MONTO IEHD ES ERRONEO,mensajesServicios,,1,1,,1,0,0,2026-02-09 19:34:42,2026-02-09 19:34:42,
76768,1053,LA ACTIVIDAD DE LA NOTA DE CREDITO DEBITO NO SE ENCUENTRA AUTORIZADA PARA ESTE PLAZO,mensajesServicios,,1,1,,1,0,0,2026-02-09 19:34:42,2026-02-09 19:34:42,
76769,1054,EL MONTO DESCUENTO CREDITO DEBITO ES ERRONEO,mensajesServicios,,1,1,,1,0,0,2026-02-09 19:34:42,2026-02-09 19:34:42,
76770,1055,EL MONTO TARIFA ES ERRONEO,mensajesServicios,,1,1,,1,0,0,2026-02-09 19:34:42,2026-02-09 19:34:42,
76771,1056,EL TIPO DE CAMBIO ES ERRONEO,mensajesServicios,,1,1,,1,0,0,2026-02-09 19:34:42,2026-02-09 19:34:42,
76772,1057,EL MONTO TOTAL MONEDA ES ERRONEO,mensajesServicios,,1,1,,1,0,0,2026-02-09 19:34:42,2026-02-09 19:34:42,
76773,1058,EL MONTO TOTAL SUJETO IVA ES ERRONEO,mensajesServicios,,1,1,,1,0,0,2026-02-09 19:34:42,2026-02-09 19:34:42,
76774,1059,LA RAZON SOCIAL ES ERRONEA,mensajesServicios,,1,1,,1,0,0,2026-02-09 19:34:42,2026-02-09 19:34:42,
76775,1060,EL MONTO DETALLE ES ERRONEO,mensajesServicios,,1,1,,1,0,0,2026-02-09 19:34:42,2026-02-09 19:34:42,
76776,1061,FACTURA DE LA NOTA CREDITO DEBITO NO ES VALIDA PARA REALIZAR LA DEVOLUCION,mensajesServicios,,1,1,,1,0,0,2026-02-09 19:34:42,2026-02-09 19:34:42,
76777,2000,ADVERTENCIA: EL NUMERO FACTURA ENVIADO TIENE ERROR DE CORRELATIVIDAD,mensajesServicios,,1,1,,1,0,0,2026-02-09 19:34:42,2026-02-09 19:34:42,
76778,2001,ADVERTENCIA: LA FECHA DE EMISION ENVIADA NO SE ENCUENTRA DENTRO DEL RANGO DEL EVENTO DE CONTINGENCIA ASOCIADO,mensajesServicios,,1,1,,1,0,0,2026-02-09 19:34:42,2026-02-09 19:34:42,
76779,2002,ADVERTENCIA: LA FECHA DE EMISION ENVIADA NO ES VALIDA PARA LA EMISION MASIVA,mensajesServicios,,1,1,,1,0,0,2026-02-09 19:34:42,2026-02-09 19:34:42,
76780,2003,ADVERTENCIA: LA FACTURA NO PUEDE SER ENVIADA CON NUMERO DE CI/NIT/CEX 0 PARA MONTOS MAYORES A 3000,mensajesServicios,,1,1,,1,0,0,2026-02-09 19:34:42,2026-02-09 19:34:42,
76781,2004,ADVERTENCIA: EL COMPLEMENTO SOLO PUEDE SER ENVIADO CUANDO EL TIPO DE DOCUMENTO ES CARNET DE IDENTIDAD,mensajesServicios,,1,1,,1,0,0,2026-02-09 19:34:42,2026-02-09 19:34:42,
76782,2005,ADVERTENCIA: EL NIT DEL CLIENTE ENVIADO EN EL CAMPO NUMERO DE DOCUMENTO NO ES VALIDO,mensajesServicios,,1,1,,1,0,0,2026-02-09 19:34:42,2026-02-09 19:34:42,
76783,2006,ADVERTENCIA: EL NUMERO DE TARJETA SOLO PUEDE SER ENVIADO CUANDO EL METODO DE PAGO SEA CON TARJETA,mensajesServicios,,1,1,,1,0,0,2026-02-09 19:34:42,2026-02-09 19:34:42,
76784,2007,ADVERTENCIA: EL CALCULO DEL MONTO TOTAL ES ERRONEO,mensajesServicios,,1,1,,1,0,0,2026-02-09 19:34:42,2026-02-09 19:34:42,
76785,2008,ADVERTENCIA: EL CALCULO DEL  MONTO TOTAL MONEDA ES ERRONEO,mensajesServicios,,1,1,,1,0,0,2026-02-09 19:34:42,2026-02-09 19:34:42,
76786,2009,ADVERTENCIA: EL CALCULO DEL IMPORTE BASE PARA CREDITO FISCAL ES ERRONEO,mensajesServicios,,1,1,,1,0,0,2026-02-09 19:34:42,2026-02-09 19:34:42,
76787,2010,ADVERTENCIA: EL CODIGO DE ACTIVIDAD ECONOMICA NO ESTA HABILITADA PARA EL CONTRIBUYENTE,mensajesServicios,,1,1,,1,0,0,2026-02-09 19:34:42,2026-02-09 19:34:42,
76788,2011,ADVERTENCIA: EL CODIGO DE PRODUCTO NO ESTA RELACIONADO A NINGUN ACTIVIDAD ECONOMICA DEL CONTRIBUYENTE,mensajesServicios,,1,1,,1,0,0,2026-02-09 19:34:42,2026-02-09 19:34:42,
76789,2012,ADVERTENCIA: EL CALCULO DEL SUBTOTAL ES ERRONEO,mensajesServicios,,1,1,,1,0,0,2026-02-09 19:34:42,2026-02-09 19:34:42,
76790,2013,ADVERTENCIA: LA FACTURA O NOTA DE CREDITO-DEBITO NO PUEDE SER EMITIDA AL MISMO EMISOR,mensajesServicios,,1,1,,1,0,0,2026-02-09 19:34:42,2026-02-09 19:34:42,
76791,2014,ADVERTENCIA: LA DIRECCION ENVIADA EN EL XML NO CORRESPONDE A LA REGISTRADA EN PADRON,mensajesServicios,,1,1,,1,0,0,2026-02-09 19:34:42,2026-02-09 19:34:42,
76792,2015,ADVERTENCIA: EL CALCULO DE ICE ESPECIFICO ES ERRONEO,mensajesServicios,,1,1,,1,0,0,2026-02-09 19:34:42,2026-02-09 19:34:42,
76793,2016,ADVERTENCIA: EL CALCULO DE ICE PORCENTUAL ES ERRONEO,mensajesServicios,,1,1,,1,0,0,2026-02-09 19:34:42,2026-02-09 19:34:42,
76794,2017,ADVERTENCIA: EL MONTO ICE ESPECIFICO ES ERRONEO,mensajesServicios,,1,1,,1,0,0,2026-02-09 19:34:42,2026-02-09 19:34:42,
76795,2018,ADVERTENCIA: EL MONTO ICE PORCENTUAL ES ERRONEO,mensajesServicios,,1,1,,1,0,0,2026-02-09 19:34:42,2026-02-09 19:34:42,
76796,2019,ADVERTENCIA: EL CODIGO NANDINA ENVIADO EN LA FACTURA ES ERRONEO,mensajesServicios,,1,1,,1,0,0,2026-02-09 19:34:42,2026-02-09 19:34:42,
76797,3000,EL NIT NO TIENE CONTRATO VIGENTE,mensajesServicios,,1,1,,1,0,0,2026-02-09 19:34:42,2026-02-09 19:34:42,
76798,3001,LA CATEGORIA DE CONTRATO NO CORRESPONDE AL SECTOR,mensajesServicios,,1,1,,1,0,0,2026-02-09 19:34:42,2026-02-09 19:34:42,
76799,3002,LA SOLICITUD EXCEDE EL LIMITE DE CUFD MASIVO PERMITIDO,mensajesServicios,,1,1,,1,0,0,2026-02-09 19:34:42,2026-02-09 19:34:42,
76800,3003,MARCA: NO TIENE FORMULARIOS 200 Y 210 VIGENTES,mensajesServicios,,1,1,,1,0,0,2026-02-09 19:34:42,2026-02-09 19:34:42,
76801,3004,MARCA: DOMICILIO INEXISTENTE,mensajesServicios,,1,1,,1,0,0,2026-02-09 19:34:42,2026-02-09 19:34:42,
76802,3005,MARCA: BLOQUEO DE DOSIFICACION ORIGINADOS EN FISCALIZACION,mensajesServicios,,1,1,,1,0,0,2026-02-09 19:34:42,2026-02-09 19:34:42,
76803,3006,MARCA: BLOQUEO DE DOSIFICACION ORIGINADOS EN JURIDICA,mensajesServicios,,1,1,,1,0,0,2026-02-09 19:34:42,2026-02-09 19:34:42,
76804,3007,MARCA: NO CUMPLE CON OBLIGATORIEDAD DE PRESENTACION DE DDJJ,mensajesServicios,,1,1,,1,0,0,2026-02-09 19:34:42,2026-02-09 19:34:42,
76805,3008,"ADVERTENCIA: EL CUIS ESTA A PUNTO DE CADUCAR, GENERE UN NUEVO CUIS POR FAVOR",mensajesServicios,,1,1,,1,0,0,2026-02-09 19:34:42,2026-02-09 19:34:42,
76806,3009,EL TAMAÑO DEL ARCHIVO ES MAYOR A LA DEFINIDA EN NORMA,mensajesServicios,,1,1,,1,0,0,2026-02-09 19:34:42,2026-02-09 19:34:42,
76807,3010,LA FACTURA YA SE ENCUENTRA UTILIZADA O CONSOLIDADA,mensajesServicios,,1,1,,1,0,0,2026-02-09 19:34:42,2026-02-09 19:34:42,
76808,3011,MARCA: ACTIVIDAD ECONOMICA INEXISTENTE O NO DECLARADA,mensajesServicios,,1,1,,1,0,0,2026-02-09 19:34:42,2026-02-09 19:34:42,
76809,3012,MARCA: CAMBIO DE DOMICILIO FISCAL NO COMUNICADO,mensajesServicios,,1,1,,1,0,0,2026-02-09 19:34:42,2026-02-09 19:34:42,
76810,7,CORTE DE SUMINISTRO DE ENERGIA ELECTRICA,eventosSignificativos,,1,1,,1,0,0,2026-02-09 19:34:49,2026-02-09 19:34:49,
76811,5,VIRUS INFORMÁTICO O FALLA DE SOFTWARE,eventosSignificativos,,1,1,,1,0,0,2026-02-09 19:34:49,2026-02-09 19:34:49,
76812,6,CAMBIO DE INFRAESTRUCTURA DEL SISTEMA INFORMÁTICO DE FACTURACIÓN O FALLA DE HARDWARE,eventosSignificativos,,1,1,,1,0,0,2026-02-09 19:34:49,2026-02-09 19:34:49,
76813,1,CORTE DEL SERVICIO DE INTERNET,eventosSignificativos,,1,1,,1,0,0,2026-02-09 19:34:49,2026-02-09 19:34:49,
76814,2,INACCESIBILIDAD AL SERVICIO WEB DE LA ADMINISTRACIÓN TRIBUTARIA,eventosSignificativos,,1,1,,1,0,0,2026-02-09 19:34:49,2026-02-09 19:34:49,
76815,3,INGRESO A ZONAS SIN INTERNET POR DESPLIEGUE DE PUNTO DE VENTA EN VEHICULOS AUTOMOTORES,eventosSignificativos,,1,1,,1,0,0,2026-02-09 19:34:49,2026-02-09 19:34:49,
76816,4,VENTA EN LUGARES SIN INTERNET,eventosSignificativos,,1,1,,1,0,0,2026-02-09 19:34:49,2026-02-09 19:34:49,
76817,38,MILLARES,unidadMedida,,1,1,,1,0,0,2026-02-09 19:34:59,2026-02-09 19:34:59,
76818,39,MILLON DE UNIDADES,unidadMedida,,1,1,,1,0,0,2026-02-09 19:34:59,2026-02-09 19:34:59,
76819,40,ONZAS,unidadMedida,,1,1,,1,0,0,2026-02-09 19:34:59,2026-02-09 19:34:59,
76820,41,PALETAS,unidadMedida,,1,1,,1,0,0,2026-02-09 19:34:59,2026-02-09 19:34:59,
76821,42,PAQUETE,unidadMedida,,1,1,,1,0,0,2026-02-09 19:34:59,2026-02-09 19:34:59,
76822,43,PAR,unidadMedida,,1,1,,1,0,0,2026-02-09 19:34:59,2026-02-09 19:34:59,
76823,44,PIES,unidadMedida,,1,1,,1,0,0,2026-02-09 19:34:59,2026-02-09 19:34:59,
76824,45,PIES CUADRADOS,unidadMedida,,1,1,,1,0,0,2026-02-09 19:34:59,2026-02-09 19:34:59,
76825,108,AMORTIZACION,unidadMedida,,1,1,,1,0,0,2026-02-09 19:34:59,2026-02-09 19:34:59,
76826,46,PIES CUBICOS,unidadMedida,,1,1,,1,0,0,2026-02-09 19:34:59,2026-02-09 19:34:59,
76827,47,PIEZAS,unidadMedida,,1,1,,1,0,0,2026-02-09 19:34:59,2026-02-09 19:34:59,
76828,48,PLACAS,unidadMedida,,1,1,,1,0,0,2026-02-09 19:34:59,2026-02-09 19:34:59,
76829,49,PLIEGO,unidadMedida,,1,1,,1,0,0,2026-02-09 19:34:59,2026-02-09 19:34:59,
76830,70,ROLLO,unidadMedida,,1,1,,1,0,0,2026-02-09 19:34:59,2026-02-09 19:34:59,
76831,50,PULGADAS,unidadMedida,,1,1,,1,0,0,2026-02-09 19:34:59,2026-02-09 19:34:59,
76832,71,HORAS,unidadMedida,,1,1,,1,0,0,2026-02-09 19:34:59,2026-02-09 19:34:59,
76833,51,RESMA,unidadMedida,,1,1,,1,0,0,2026-02-09 19:34:59,2026-02-09 19:34:59,
76834,52,TAMBOR,unidadMedida,,1,1,,1,0,0,2026-02-09 19:34:59,2026-02-09 19:34:59,
76835,53,TONELADA CORTA,unidadMedida,,1,1,,1,0,0,2026-02-09 19:34:59,2026-02-09 19:34:59,
76836,54,TONELADA LARGA,unidadMedida,,1,1,,1,0,0,2026-02-09 19:34:59,2026-02-09 19:34:59,
76837,63,ONZA TROY,unidadMedida,,1,1,,1,0,0,2026-02-09 19:34:59,2026-02-09 19:34:59,
76838,55,TONELADAS,unidadMedida,,1,1,,1,0,0,2026-02-09 19:34:59,2026-02-09 19:34:59,
76839,72,AGUJA,unidadMedida,,1,1,,1,0,0,2026-02-09 19:34:59,2026-02-09 19:34:59,
76840,64,LIBRA FINA,unidadMedida,,1,1,,1,0,0,2026-02-09 19:34:59,2026-02-09 19:34:59,
76841,56,TUBOS,unidadMedida,,1,1,,1,0,0,2026-02-09 19:34:59,2026-02-09 19:34:59,
76842,73,AMPOLLA,unidadMedida,,1,1,,1,0,0,2026-02-09 19:34:59,2026-02-09 19:34:59,
76843,57,UNIDAD (BIENES),unidadMedida,,1,1,,1,0,0,2026-02-09 19:35:00,2026-02-09 19:35:00,
76844,74,BIDÓN,unidadMedida,,1,1,,1,0,0,2026-02-09 19:35:00,2026-02-09 19:35:00,
76845,58,UNIDAD (SERVICIOS),unidadMedida,,1,1,,1,0,0,2026-02-09 19:35:00,2026-02-09 19:35:00,
76846,75,BOLSA,unidadMedida,,1,1,,1,0,0,2026-02-09 19:35:00,2026-02-09 19:35:00,
76847,59,"US GALON (3,7843 L)",unidadMedida,,1,1,,1,0,0,2026-02-09 19:35:00,2026-02-09 19:35:00,
76848,76,CAPSULA,unidadMedida,,1,1,,1,0,0,2026-02-09 19:35:00,2026-02-09 19:35:00,
76849,60,YARDA,unidadMedida,,1,1,,1,0,0,2026-02-09 19:35:00,2026-02-09 19:35:00,
76850,77,CARTUCHO,unidadMedida,,1,1,,1,0,0,2026-02-09 19:35:00,2026-02-09 19:35:00,
76851,61,YARDA CUADRADA,unidadMedida,,1,1,,1,0,0,2026-02-09 19:35:00,2026-02-09 19:35:00,
76852,78,COMPRIMIDO,unidadMedida,,1,1,,1,0,0,2026-02-09 19:35:00,2026-02-09 19:35:00,
76853,62,OTRO,unidadMedida,,1,1,,1,0,0,2026-02-09 19:35:00,2026-02-09 19:35:00,
76854,79,ESTUCHE,unidadMedida,,1,1,,1,0,0,2026-02-09 19:35:00,2026-02-09 19:35:00,
76855,80,FRASCO,unidadMedida,,1,1,,1,0,0,2026-02-09 19:35:00,2026-02-09 19:35:00,
76856,81,JERINGA,unidadMedida,,1,1,,1,0,0,2026-02-09 19:35:00,2026-02-09 19:35:00,
76857,82,MINI BOTELLA,unidadMedida,,1,1,,1,0,0,2026-02-09 19:35:00,2026-02-09 19:35:00,
76858,83,SACHET,unidadMedida,,1,1,,1,0,0,2026-02-09 19:35:00,2026-02-09 19:35:00,
76859,84,TABLETA,unidadMedida,,1,1,,1,0,0,2026-02-09 19:35:00,2026-02-09 19:35:00,
76860,85,TERMO,unidadMedida,,1,1,,1,0,0,2026-02-09 19:35:00,2026-02-09 19:35:00,
76861,86,TUBO,unidadMedida,,1,1,,1,0,0,2026-02-09 19:35:00,2026-02-09 19:35:00,
76862,65,DISPLAY,unidadMedida,,1,1,,1,0,0,2026-02-09 19:35:00,2026-02-09 19:35:00,
76863,66,BULTO,unidadMedida,,1,1,,1,0,0,2026-02-09 19:35:00,2026-02-09 19:35:00,
76864,109,OVULOS,unidadMedida,,1,1,,1,0,0,2026-02-09 19:35:00,2026-02-09 19:35:00,
76865,110,SUPOSITORIOS,unidadMedida,,1,1,,1,0,0,2026-02-09 19:35:00,2026-02-09 19:35:00,
76866,111,SOBRES,unidadMedida,,1,1,,1,0,0,2026-02-09 19:35:00,2026-02-09 19:35:00,
76867,112,VIAL,unidadMedida,,1,1,,1,0,0,2026-02-09 19:35:00,2026-02-09 19:35:00,
76868,113,HECTAREAS,unidadMedida,,1,1,,1,0,0,2026-02-09 19:35:00,2026-02-09 19:35:00,
76869,114,ARROBA,unidadMedida,,1,1,,1,0,0,2026-02-09 19:35:00,2026-02-09 19:35:00,
76870,115,AEROSOL,unidadMedida,,1,1,,1,0,0,2026-02-09 19:35:00,2026-02-09 19:35:00,
76871,116,BARRA,unidadMedida,,1,1,,1,0,0,2026-02-09 19:35:00,2026-02-09 19:35:00,
76872,117,CONJUNTO,unidadMedida,,1,1,,1,0,0,2026-02-09 19:35:00,2026-02-09 19:35:00,
76873,118,FANEGA,unidadMedida,,1,1,,1,0,0,2026-02-09 19:35:00,2026-02-09 19:35:00,
76874,119,PACK,unidadMedida,,1,1,,1,0,0,2026-02-09 19:35:00,2026-02-09 19:35:00,
76875,122,PASTILLA,unidadMedida,,1,1,,1,0,0,2026-02-09 19:35:00,2026-02-09 19:35:00,
76876,120,PIPETA,unidadMedida,,1,1,,1,0,0,2026-02-09 19:35:00,2026-02-09 19:35:00,
76877,121,POTE,unidadMedida,,1,1,,1,0,0,2026-02-09 19:35:00,2026-02-09 19:35:00,
76878,123,TONELADA METRICA,unidadMedida,,1,1,,1,0,0,2026-02-09 19:35:00,2026-02-09 19:35:00,
76879,124,EQUIPOS,unidadMedida,,1,1,,1,0,0,2026-02-09 19:35:00,2026-02-09 19:35:00,
76880,105,TIRA,unidadMedida,,1,1,,1,0,0,2026-02-09 19:35:00,2026-02-09 19:35:00,
76881,104,BLISTER,unidadMedida,,1,1,,1,0,0,2026-02-09 19:35:00,2026-02-09 19:35:00,
76882,103,TURRIL,unidadMedida,,1,1,,1,0,0,2026-02-09 19:35:00,2026-02-09 19:35:00,
76883,102,BANDEJA,unidadMedida,,1,1,,1,0,0,2026-02-09 19:35:00,2026-02-09 19:35:00,
76884,101,YARDA,unidadMedida,,1,1,,1,0,0,2026-02-09 19:35:00,2026-02-09 19:35:00,
76885,100,JABA,unidadMedida,,1,1,,1,0,0,2026-02-09 19:35:00,2026-02-09 19:35:00,
76886,67,DIAS,unidadMedida,,1,1,,1,0,0,2026-02-09 19:35:00,2026-02-09 19:35:00,
76887,99,CARTOLA,unidadMedida,,1,1,,1,0,0,2026-02-09 19:35:00,2026-02-09 19:35:00,
76888,68,MESES,unidadMedida,,1,1,,1,0,0,2026-02-09 19:35:00,2026-02-09 19:35:00,
76889,98,TETRAPACK,unidadMedida,,1,1,,1,0,0,2026-02-09 19:35:00,2026-02-09 19:35:00,
76890,97,VASO,unidadMedida,,1,1,,1,0,0,2026-02-09 19:35:00,2026-02-09 19:35:00,
76891,96,POMO,unidadMedida,,1,1,,1,0,0,2026-02-09 19:35:00,2026-02-09 19:35:00,
76892,95,UNIDAD TERMICA BRITANICA (TI),unidadMedida,,1,1,,1,0,0,2026-02-09 19:35:00,2026-02-09 19:35:00,
76893,94,MILLONES DE BTU (1000000 BTU),unidadMedida,,1,1,,1,0,0,2026-02-09 19:35:00,2026-02-09 19:35:00,
76894,93,MILLONES DE PIES CUBICOS (1000000 PC),unidadMedida,,1,1,,1,0,0,2026-02-09 19:35:00,2026-02-09 19:35:00,
76895,69,QUINTAL,unidadMedida,,1,1,,1,0,0,2026-02-09 19:35:00,2026-02-09 19:35:00,
76896,92,MILLAR DE PIES CUBICOS (1000 PC),unidadMedida,,1,1,,1,0,0,2026-02-09 19:35:00,2026-02-09 19:35:00,
76897,91,MIL PIES CUBICOS 14696 PSI 68FAH,unidadMedida,,1,1,,1,0,0,2026-02-09 19:35:00,2026-02-09 19:35:00,
76898,90,MIL PIES CUBICOS 14696 PSI,unidadMedida,,1,1,,1,0,0,2026-02-09 19:35:00,2026-02-09 19:35:00,
76899,89,METRO CUBICO 68F VOL,unidadMedida,,1,1,,1,0,0,2026-02-09 19:35:00,2026-02-09 19:35:00,
76900,88,BARRIL [42 GALONES(EEUU)],unidadMedida,,1,1,,1,0,0,2026-02-09 19:35:00,2026-02-09 19:35:00,
76901,87,BARRIL (EEUU) 60 F,unidadMedida,,1,1,,1,0,0,2026-02-09 19:35:00,2026-02-09 19:35:00,
76902,106,MEGAWATT,unidadMedida,,1,1,,1,0,0,2026-02-09 19:35:00,2026-02-09 19:35:00,
76903,107,KILOWATT,unidadMedida,,1,1,,1,0,0,2026-02-09 19:35:00,2026-02-09 19:35:00,
76904,125,PIE TABLAR,unidadMedida,,1,1,,1,0,0,2026-02-09 19:35:00,2026-02-09 19:35:00,
76905,126,KILATES,unidadMedida,,1,1,,1,0,0,2026-02-09 19:35:00,2026-02-09 19:35:00,
76906,1,BOBINAS,unidadMedida,,1,1,,1,0,0,2026-02-09 19:35:00,2026-02-09 19:35:00,
76907,2,BALDE,unidadMedida,,1,1,,1,0,0,2026-02-09 19:35:00,2026-02-09 19:35:00,
76908,3,BARRILES,unidadMedida,,1,1,,1,0,0,2026-02-09 19:35:00,2026-02-09 19:35:00,
76909,4,BOLSA,unidadMedida,,1,1,,1,0,0,2026-02-09 19:35:00,2026-02-09 19:35:00,
76910,5,BOTELLAS,unidadMedida,,1,1,,1,0,0,2026-02-09 19:35:00,2026-02-09 19:35:00,
76911,6,CAJA,unidadMedida,,1,1,,1,0,0,2026-02-09 19:35:00,2026-02-09 19:35:00,
76912,7,CARTONES,unidadMedida,,1,1,,1,0,0,2026-02-09 19:35:00,2026-02-09 19:35:00,
76913,8,CENTIMETRO CUADRADO,unidadMedida,,1,1,,1,0,0,2026-02-09 19:35:00,2026-02-09 19:35:00,
76914,9,CENTIMETRO CUBICO,unidadMedida,,1,1,,1,0,0,2026-02-09 19:35:00,2026-02-09 19:35:00,
76915,10,CENTIMETRO LINEAL,unidadMedida,,1,1,,1,0,0,2026-02-09 19:35:00,2026-02-09 19:35:00,
76916,11,CIENTO DE UNIDADES,unidadMedida,,1,1,,1,0,0,2026-02-09 19:35:00,2026-02-09 19:35:00,
76917,12,CILINDRO,unidadMedida,,1,1,,1,0,0,2026-02-09 19:35:00,2026-02-09 19:35:00,
76918,13,CONOS,unidadMedida,,1,1,,1,0,0,2026-02-09 19:35:00,2026-02-09 19:35:00,
76919,14,DOCENA,unidadMedida,,1,1,,1,0,0,2026-02-09 19:35:00,2026-02-09 19:35:00,
76920,15,FARDO,unidadMedida,,1,1,,1,0,0,2026-02-09 19:35:00,2026-02-09 19:35:00,
76921,16,GALON INGLES,unidadMedida,,1,1,,1,0,0,2026-02-09 19:35:00,2026-02-09 19:35:00,
76922,17,GRAMO,unidadMedida,,1,1,,1,0,0,2026-02-09 19:35:00,2026-02-09 19:35:00,
76923,18,GRUESA,unidadMedida,,1,1,,1,0,0,2026-02-09 19:35:00,2026-02-09 19:35:00,
76924,19,HECTOLITRO,unidadMedida,,1,1,,1,0,0,2026-02-09 19:35:00,2026-02-09 19:35:00,
76925,20,HOJA,unidadMedida,,1,1,,1,0,0,2026-02-09 19:35:00,2026-02-09 19:35:00,
76926,21,JUEGO,unidadMedida,,1,1,,1,0,0,2026-02-09 19:35:00,2026-02-09 19:35:00,
76927,22,KILOGRAMO,unidadMedida,,1,1,,1,0,0,2026-02-09 19:35:00,2026-02-09 19:35:00,
76928,23,KILOMETRO,unidadMedida,,1,1,,1,0,0,2026-02-09 19:35:00,2026-02-09 19:35:00,
76929,24,KILOVATIO HORA,unidadMedida,,1,1,,1,0,0,2026-02-09 19:35:00,2026-02-09 19:35:00,
76930,25,KIT,unidadMedida,,1,1,,1,0,0,2026-02-09 19:35:00,2026-02-09 19:35:00,
76931,26,LATAS,unidadMedida,,1,1,,1,0,0,2026-02-09 19:35:00,2026-02-09 19:35:00,
76932,27,LIBRAS,unidadMedida,,1,1,,1,0,0,2026-02-09 19:35:00,2026-02-09 19:35:00,
76933,28,LITRO,unidadMedida,,1,1,,1,0,0,2026-02-09 19:35:00,2026-02-09 19:35:00,
76934,29,MEGAWATT HORA,unidadMedida,,1,1,,1,0,0,2026-02-09 19:35:00,2026-02-09 19:35:00,
76935,30,METRO,unidadMedida,,1,1,,1,0,0,2026-02-09 19:35:00,2026-02-09 19:35:00,
76936,31,METRO CUADRADO,unidadMedida,,1,1,,1,0,0,2026-02-09 19:35:00,2026-02-09 19:35:00,
76937,32,METRO CUBICO,unidadMedida,,1,1,,1,0,0,2026-02-09 19:35:00,2026-02-09 19:35:00,
76938,33,MILIGRAMOS,unidadMedida,,1,1,,1,0,0,2026-02-09 19:35:00,2026-02-09 19:35:00,
76939,34,MILILITRO,unidadMedida,,1,1,,1,0,0,2026-02-09 19:35:00,2026-02-09 19:35:00,
76940,35,MILIMETRO,unidadMedida,,1,1,,1,0,0,2026-02-09 19:35:00,2026-02-09 19:35:00,
76941,36,MILIMETRO CUADRADO,unidadMedida,,1,1,,1,0,0,2026-02-09 19:35:01,2026-02-09 19:35:01,
76942,37,MILIMETRO CUBICO,unidadMedida,,1,1,,1,0,0,2026-02-09 19:35:01,2026-02-09 19:35:01,
76943,155,SAN CRISTÓBAL Y NIEVES,paisOrigen,,1,1,,1,0,0,2026-03-18 19:05:50,2026-03-18 19:05:50,
76944,156,SAMOA,paisOrigen,,1,1,,1,0,0,2026-03-18 19:05:50,2026-03-18 19:05:50,
76945,157,SAN MARINO,paisOrigen,,1,1,,1,0,0,2026-03-18 19:05:50,2026-03-18 19:05:50,
76946,158,SAN VICENTE Y LAS GRANADINAS,paisOrigen,,1,1,,1,0,0,2026-03-18 19:05:50,2026-03-18 19:05:50,
76947,159,SANTA LUCÍA,paisOrigen,,1,1,,1,0,0,2026-03-18 19:05:50,2026-03-18 19:05:50,
76948,160,SANTO TOMÉ Y PRÍNCIPE,paisOrigen,,1,1,,1,0,0,2026-03-18 19:05:50,2026-03-18 19:05:50,
76949,161,SENEGAL,paisOrigen,,1,1,,1,0,0,2026-03-18 19:05:50,2026-03-18 19:05:50,
76950,162,SERBIA,paisOrigen,,1,1,,1,0,0,2026-03-18 19:05:50,2026-03-18 19:05:50,
76951,163,SEYCHELLES,paisOrigen,,1,1,,1,0,0,2026-03-18 19:05:50,2026-03-18 19:05:50,
76952,164,SIERRA LEONA,paisOrigen,,1,1,,1,0,0,2026-03-18 19:05:50,2026-03-18 19:05:50,
76953,165,SINGAPUR,paisOrigen,,1,1,,1,0,0,2026-03-18 19:05:50,2026-03-18 19:05:50,
76954,166,SOMALIA,paisOrigen,,1,1,,1,0,0,2026-03-18 19:05:50,2026-03-18 19:05:50,
76955,167,SRI LANKA,paisOrigen,,1,1,,1,0,0,2026-03-18 19:05:50,2026-03-18 19:05:50,
76956,168,SUDÁFRICA,paisOrigen,,1,1,,1,0,0,2026-03-18 19:05:50,2026-03-18 19:05:50,
76957,169,SUDÁN,paisOrigen,,1,1,,1,0,0,2026-03-18 19:05:50,2026-03-18 19:05:50,
76958,170,SUDÁN DEL SUR,paisOrigen,,1,1,,1,0,0,2026-03-18 19:05:50,2026-03-18 19:05:50,
76959,171,SUECIA,paisOrigen,,1,1,,1,0,0,2026-03-18 19:05:50,2026-03-18 19:05:50,
76960,172,SUIZA,paisOrigen,,1,1,,1,0,0,2026-03-18 19:05:50,2026-03-18 19:05:50,
76961,173,SURINAM,paisOrigen,,1,1,,1,0,0,2026-03-18 19:05:50,2026-03-18 19:05:50,
76962,174,SUAZILANDIA,paisOrigen,,1,1,,1,0,0,2026-03-18 19:05:50,2026-03-18 19:05:50,
76963,175,TAILANDIA,paisOrigen,,1,1,,1,0,0,2026-03-18 19:05:50,2026-03-18 19:05:50,
76964,176,TAYIKISTÁN,paisOrigen,,1,1,,1,0,0,2026-03-18 19:05:50,2026-03-18 19:05:50,
76965,177,TIMOR ORIENTAL,paisOrigen,,1,1,,1,0,0,2026-03-18 19:05:50,2026-03-18 19:05:50,
76966,178,TOGO,paisOrigen,,1,1,,1,0,0,2026-03-18 19:05:50,2026-03-18 19:05:50,
76967,179,TOKELAU,paisOrigen,,1,1,,1,0,0,2026-03-18 19:05:50,2026-03-18 19:05:50,
76968,180,TONGA,paisOrigen,,1,1,,1,0,0,2026-03-18 19:05:50,2026-03-18 19:05:50,
76969,181,TRINIDAD Y TOBAGO,paisOrigen,,1,1,,1,0,0,2026-03-18 19:05:50,2026-03-18 19:05:50,
76970,182,TURKMENISTÁN,paisOrigen,,1,1,,1,0,0,2026-03-18 19:05:50,2026-03-18 19:05:50,
76971,183,TURQUÍA,paisOrigen,,1,1,,1,0,0,2026-03-18 19:05:50,2026-03-18 19:05:50,
76972,184,TUVALU,paisOrigen,,1,1,,1,0,0,2026-03-18 19:05:50,2026-03-18 19:05:50,
76973,185,TÚNEZ,paisOrigen,,1,1,,1,0,0,2026-03-18 19:05:50,2026-03-18 19:05:50,
76974,186,UCRANIA,paisOrigen,,1,1,,1,0,0,2026-03-18 19:05:50,2026-03-18 19:05:50,
76975,187,UGANDA,paisOrigen,,1,1,,1,0,0,2026-03-18 19:05:50,2026-03-18 19:05:50,
76976,188,URUGUAY,paisOrigen,,1,1,,1,0,0,2026-03-18 19:05:50,2026-03-18 19:05:50,
76977,189,UZBEKISTÁN,paisOrigen,,1,1,,1,0,0,2026-03-18 19:05:50,2026-03-18 19:05:50,
76978,190,VANUATU,paisOrigen,,1,1,,1,0,0,2026-03-18 19:05:50,2026-03-18 19:05:50,
76979,191,VENEZUELA (REPÚBLICA BOLIVARIANA DE),paisOrigen,,1,1,,1,0,0,2026-03-18 19:05:50,2026-03-18 19:05:50,
76980,192,VIETNAM,paisOrigen,,1,1,,1,0,0,2026-03-18 19:05:50,2026-03-18 19:05:50,
76981,193,YEMEN,paisOrigen,,1,1,,1,0,0,2026-03-18 19:05:50,2026-03-18 19:05:50,
76982,194,ZAMBIA,paisOrigen,,1,1,,1,0,0,2026-03-18 19:05:50,2026-03-18 19:05:50,
76983,195,ZIMBABUE,paisOrigen,,1,1,,1,0,0,2026-03-18 19:05:50,2026-03-18 19:05:50,
76984,196,REPÚBLICA DE MACEDONIA,paisOrigen,,1,1,,1,0,0,2026-03-18 19:05:50,2026-03-18 19:05:50,
76985,205,PUERTO RICO,paisOrigen,,1,1,,1,0,0,2026-03-18 19:05:50,2026-03-18 19:05:50,
76986,206,HONG KONG,paisOrigen,,1,1,,1,0,0,2026-03-18 19:05:50,2026-03-18 19:05:50,
76987,207,FORMOSA,paisOrigen,,1,1,,1,0,0,2026-03-18 19:05:50,2026-03-18 19:05:50,
76988,208,NO ESPECIFICOS,paisOrigen,,1,1,,1,0,0,2026-03-18 19:05:50,2026-03-18 19:05:50,
76989,210,TAIWAN,paisOrigen,,1,1,,1,0,0,2026-03-18 19:05:50,2026-03-18 19:05:50,
76990,211,LIECHTENSTEIN,paisOrigen,,1,1,,1,0,0,2026-03-18 19:05:50,2026-03-18 19:05:50,
76991,198,ANTILLAS NEERLANDESAS,paisOrigen,,1,1,,1,0,0,2026-03-18 19:05:50,2026-03-18 19:05:50,
76992,199,ARUBA,paisOrigen,,1,1,,1,0,0,2026-03-18 19:05:50,2026-03-18 19:05:50,
76993,200,BERMUDAS,paisOrigen,,1,1,,1,0,0,2026-03-18 19:05:50,2026-03-18 19:05:50,
76994,201,ISLAS CAIMÁN,paisOrigen,,1,1,,1,0,0,2026-03-18 19:05:50,2026-03-18 19:05:50,
76995,202,GROENLANDIA,paisOrigen,,1,1,,1,0,0,2026-03-18 19:05:50,2026-03-18 19:05:50,
76996,203,ISLAS MALVINAS,paisOrigen,,1,1,,1,0,0,2026-03-18 19:05:50,2026-03-18 19:05:50,
76997,204,YUGOSLAVIA,paisOrigen,,1,1,,1,0,0,2026-03-18 19:05:50,2026-03-18 19:05:50,
76998,1,AFGANISTÁN,paisOrigen,,1,1,,1,0,0,2026-03-18 19:05:50,2026-03-18 19:05:50,
76999,2,ALBANIA,paisOrigen,,1,1,,1,0,0,2026-03-18 19:05:50,2026-03-18 19:05:50,
77000,3,ALEMANIA,paisOrigen,,1,1,,1,0,0,2026-03-18 19:05:50,2026-03-18 19:05:50,
77001,4,ANDORRA,paisOrigen,,1,1,,1,0,0,2026-03-18 19:05:50,2026-03-18 19:05:50,
77002,5,ANGOLA,paisOrigen,,1,1,,1,0,0,2026-03-18 19:05:50,2026-03-18 19:05:50,
77003,6,ANTIGUA Y BARBUDA,paisOrigen,,1,1,,1,0,0,2026-03-18 19:05:50,2026-03-18 19:05:50,
77004,7,ARABIA SAUDITA,paisOrigen,,1,1,,1,0,0,2026-03-18 19:05:50,2026-03-18 19:05:50,
77005,209,ISLAS VIRGENES BRITANICAS,paisOrigen,,1,1,,1,0,0,2026-03-18 19:05:50,2026-03-18 19:05:50,
77006,8,ARGELIA,paisOrigen,,1,1,,1,0,0,2026-03-18 19:05:50,2026-03-18 19:05:50,
77007,9,ARGENTINA,paisOrigen,,1,1,,1,0,0,2026-03-18 19:05:50,2026-03-18 19:05:50,
77008,10,ARMENIA,paisOrigen,,1,1,,1,0,0,2026-03-18 19:05:50,2026-03-18 19:05:50,
77009,11,AUSTRALIA,paisOrigen,,1,1,,1,0,0,2026-03-18 19:05:50,2026-03-18 19:05:50,
77010,12,AUSTRIA,paisOrigen,,1,1,,1,0,0,2026-03-18 19:05:50,2026-03-18 19:05:50,
77011,13,AZERBAIYÁN,paisOrigen,,1,1,,1,0,0,2026-03-18 19:05:50,2026-03-18 19:05:50,
77012,14,BAHAMAS,paisOrigen,,1,1,,1,0,0,2026-03-18 19:05:50,2026-03-18 19:05:50,
77013,15,BAHREIN,paisOrigen,,1,1,,1,0,0,2026-03-18 19:05:50,2026-03-18 19:05:50,
77014,16,BANGLADESH,paisOrigen,,1,1,,1,0,0,2026-03-18 19:05:51,2026-03-18 19:05:51,
77015,17,BARBADOS,paisOrigen,,1,1,,1,0,0,2026-03-18 19:05:51,2026-03-18 19:05:51,
77016,18,BIELORRUSIA,paisOrigen,,1,1,,1,0,0,2026-03-18 19:05:51,2026-03-18 19:05:51,
77017,19,BELICE,paisOrigen,,1,1,,1,0,0,2026-03-18 19:05:51,2026-03-18 19:05:51,
77018,20,BENIN,paisOrigen,,1,1,,1,0,0,2026-03-18 19:05:51,2026-03-18 19:05:51,
77019,21,BUTÁN,paisOrigen,,1,1,,1,0,0,2026-03-18 19:05:51,2026-03-18 19:05:51,
77020,22,BOLIVIA (ESTADO PLURINACIONAL DE),paisOrigen,,1,1,,1,0,0,2026-03-18 19:05:51,2026-03-18 19:05:51,
77021,23,BOSNIA Y HERZEGOVINA,paisOrigen,,1,1,,1,0,0,2026-03-18 19:05:51,2026-03-18 19:05:51,
77022,24,BOTSUANA,paisOrigen,,1,1,,1,0,0,2026-03-18 19:05:51,2026-03-18 19:05:51,
77023,25,BRASIL,paisOrigen,,1,1,,1,0,0,2026-03-18 19:05:51,2026-03-18 19:05:51,
77024,26,BRUNEI DARUSSALAM,paisOrigen,,1,1,,1,0,0,2026-03-18 19:05:51,2026-03-18 19:05:51,
77025,27,BULGARIA,paisOrigen,,1,1,,1,0,0,2026-03-18 19:05:51,2026-03-18 19:05:51,
77026,28,BURKINA FASO,paisOrigen,,1,1,,1,0,0,2026-03-18 19:05:51,2026-03-18 19:05:51,
77027,29,BURUNDI,paisOrigen,,1,1,,1,0,0,2026-03-18 19:05:51,2026-03-18 19:05:51,
77028,30,BÉLGICA,paisOrigen,,1,1,,1,0,0,2026-03-18 19:05:51,2026-03-18 19:05:51,
77029,31,CABO VERDE,paisOrigen,,1,1,,1,0,0,2026-03-18 19:05:51,2026-03-18 19:05:51,
77030,32,CAMBOYA,paisOrigen,,1,1,,1,0,0,2026-03-18 19:05:51,2026-03-18 19:05:51,
77031,33,CAMERÚN,paisOrigen,,1,1,,1,0,0,2026-03-18 19:05:51,2026-03-18 19:05:51,
77032,34,CANADÁ,paisOrigen,,1,1,,1,0,0,2026-03-18 19:05:51,2026-03-18 19:05:51,
77033,35,CHAD,paisOrigen,,1,1,,1,0,0,2026-03-18 19:05:51,2026-03-18 19:05:51,
77034,36,CHEQUIA,paisOrigen,,1,1,,1,0,0,2026-03-18 19:05:51,2026-03-18 19:05:51,
77035,37,CHILE,paisOrigen,,1,1,,1,0,0,2026-03-18 19:05:51,2026-03-18 19:05:51,
77036,38,CHINA,paisOrigen,,1,1,,1,0,0,2026-03-18 19:05:51,2026-03-18 19:05:51,
77037,39,CHIPRE,paisOrigen,,1,1,,1,0,0,2026-03-18 19:05:51,2026-03-18 19:05:51,
77038,40,COLOMBIA,paisOrigen,,1,1,,1,0,0,2026-03-18 19:05:51,2026-03-18 19:05:51,
77039,41,COMORAS,paisOrigen,,1,1,,1,0,0,2026-03-18 19:05:51,2026-03-18 19:05:51,
77040,42,CONGO,paisOrigen,,1,1,,1,0,0,2026-03-18 19:05:51,2026-03-18 19:05:51,
77041,43,COSTA RICA,paisOrigen,,1,1,,1,0,0,2026-03-18 19:05:51,2026-03-18 19:05:51,
77042,44,CROACIA,paisOrigen,,1,1,,1,0,0,2026-03-18 19:05:51,2026-03-18 19:05:51,
77043,45,CUBA,paisOrigen,,1,1,,1,0,0,2026-03-18 19:05:51,2026-03-18 19:05:51,
77044,46,COSTA DE MARFIL,paisOrigen,,1,1,,1,0,0,2026-03-18 19:05:51,2026-03-18 19:05:51,
77045,47,DINAMARCA,paisOrigen,,1,1,,1,0,0,2026-03-18 19:05:51,2026-03-18 19:05:51,
77046,48,DJIBOUTI,paisOrigen,,1,1,,1,0,0,2026-03-18 19:05:51,2026-03-18 19:05:51,
77047,49,DOMINICA,paisOrigen,,1,1,,1,0,0,2026-03-18 19:05:51,2026-03-18 19:05:51,
77048,197,NO REGISTRADO,paisOrigen,,1,1,,1,0,0,2026-03-18 19:05:51,2026-03-18 19:05:51,
77049,50,ECUADOR,paisOrigen,,1,1,,1,0,0,2026-03-18 19:05:51,2026-03-18 19:05:51,
77050,51,EGIPTO,paisOrigen,,1,1,,1,0,0,2026-03-18 19:05:51,2026-03-18 19:05:51,
77051,52,EL SALVADOR,paisOrigen,,1,1,,1,0,0,2026-03-18 19:05:51,2026-03-18 19:05:51,
77052,53,EMIRATOS ÁRABES UNIDOS,paisOrigen,,1,1,,1,0,0,2026-03-18 19:05:51,2026-03-18 19:05:51,
77053,54,ERITREA,paisOrigen,,1,1,,1,0,0,2026-03-18 19:05:51,2026-03-18 19:05:51,
77054,55,ESLOVAQUIA,paisOrigen,,1,1,,1,0,0,2026-03-18 19:05:51,2026-03-18 19:05:51,
77055,56,ESLOVENIA,paisOrigen,,1,1,,1,0,0,2026-03-18 19:05:51,2026-03-18 19:05:51,
77056,57,ESPAÑA,paisOrigen,,1,1,,1,0,0,2026-03-18 19:05:51,2026-03-18 19:05:51,
77057,58,ESTADOS UNIDOS DE AMÉRICA,paisOrigen,,1,1,,1,0,0,2026-03-18 19:05:51,2026-03-18 19:05:51,
77058,59,ESTONIA,paisOrigen,,1,1,,1,0,0,2026-03-18 19:05:51,2026-03-18 19:05:51,
77059,60,ETIOPÍA,paisOrigen,,1,1,,1,0,0,2026-03-18 19:05:51,2026-03-18 19:05:51,
77060,61,FEDERACIÓN DE RUSIA,paisOrigen,,1,1,,1,0,0,2026-03-18 19:05:51,2026-03-18 19:05:51,
77061,62,FIYI,paisOrigen,,1,1,,1,0,0,2026-03-18 19:05:51,2026-03-18 19:05:51,
77062,63,FILIPINAS,paisOrigen,,1,1,,1,0,0,2026-03-18 19:05:51,2026-03-18 19:05:51,
77063,64,FINLANDIA,paisOrigen,,1,1,,1,0,0,2026-03-18 19:05:51,2026-03-18 19:05:51,
77064,65,FRANCIA,paisOrigen,,1,1,,1,0,0,2026-03-18 19:05:51,2026-03-18 19:05:51,
77065,66,GABÓN,paisOrigen,,1,1,,1,0,0,2026-03-18 19:05:51,2026-03-18 19:05:51,
77066,67,GAMBIA,paisOrigen,,1,1,,1,0,0,2026-03-18 19:05:51,2026-03-18 19:05:51,
77067,68,GEORGIA,paisOrigen,,1,1,,1,0,0,2026-03-18 19:05:51,2026-03-18 19:05:51,
77068,69,GHANA,paisOrigen,,1,1,,1,0,0,2026-03-18 19:05:51,2026-03-18 19:05:51,
77069,70,GRANADA,paisOrigen,,1,1,,1,0,0,2026-03-18 19:05:51,2026-03-18 19:05:51,
77070,71,GRECIA,paisOrigen,,1,1,,1,0,0,2026-03-18 19:05:51,2026-03-18 19:05:51,
77071,72,GUATEMALA,paisOrigen,,1,1,,1,0,0,2026-03-18 19:05:51,2026-03-18 19:05:51,
77072,73,GUINEA,paisOrigen,,1,1,,1,0,0,2026-03-18 19:05:51,2026-03-18 19:05:51,
77073,74,GUINEA ECUATORIAL,paisOrigen,,1,1,,1,0,0,2026-03-18 19:05:51,2026-03-18 19:05:51,
77074,75,GUINEA-BISSAU,paisOrigen,,1,1,,1,0,0,2026-03-18 19:05:51,2026-03-18 19:05:51,
77075,76,GUYANA,paisOrigen,,1,1,,1,0,0,2026-03-18 19:05:51,2026-03-18 19:05:51,
77076,77,HAITÍ,paisOrigen,,1,1,,1,0,0,2026-03-18 19:05:51,2026-03-18 19:05:51,
77077,78,HONDURAS,paisOrigen,,1,1,,1,0,0,2026-03-18 19:05:51,2026-03-18 19:05:51,
77078,79,HUNGRÍA,paisOrigen,,1,1,,1,0,0,2026-03-18 19:05:51,2026-03-18 19:05:51,
77079,80,INDIA,paisOrigen,,1,1,,1,0,0,2026-03-18 19:05:51,2026-03-18 19:05:51,
77080,81,INDONESIA,paisOrigen,,1,1,,1,0,0,2026-03-18 19:05:51,2026-03-18 19:05:51,
77081,82,IRAQ,paisOrigen,,1,1,,1,0,0,2026-03-18 19:05:51,2026-03-18 19:05:51,
77082,83,IRLANDA,paisOrigen,,1,1,,1,0,0,2026-03-18 19:05:51,2026-03-18 19:05:51,
77083,84,IRÁN (REPÚBLICA ISLÁMICA DE),paisOrigen,,1,1,,1,0,0,2026-03-18 19:05:51,2026-03-18 19:05:51,
77084,85,ISLANDIA,paisOrigen,,1,1,,1,0,0,2026-03-18 19:05:51,2026-03-18 19:05:51,
77085,86,ISLAS COOK,paisOrigen,,1,1,,1,0,0,2026-03-18 19:05:51,2026-03-18 19:05:51,
77086,87,ISLAS FEROE (MIEMBRO ASOCIADO),paisOrigen,,1,1,,1,0,0,2026-03-18 19:05:51,2026-03-18 19:05:51,
77087,88,ISLAS MARSHALL,paisOrigen,,1,1,,1,0,0,2026-03-18 19:05:51,2026-03-18 19:05:51,
77088,89,ISLAS SALOMÓN,paisOrigen,,1,1,,1,0,0,2026-03-18 19:05:51,2026-03-18 19:05:51,
77089,90,ISRAEL,paisOrigen,,1,1,,1,0,0,2026-03-18 19:05:51,2026-03-18 19:05:51,
77090,91,ITALIA,paisOrigen,,1,1,,1,0,0,2026-03-18 19:05:51,2026-03-18 19:05:51,
77091,92,JAMAICA,paisOrigen,,1,1,,1,0,0,2026-03-18 19:05:51,2026-03-18 19:05:51,
77092,93,JAPÓN,paisOrigen,,1,1,,1,0,0,2026-03-18 19:05:51,2026-03-18 19:05:51,
77093,94,JORDANIA,paisOrigen,,1,1,,1,0,0,2026-03-18 19:05:51,2026-03-18 19:05:51,
77094,95,KAZAJISTÁN,paisOrigen,,1,1,,1,0,0,2026-03-18 19:05:51,2026-03-18 19:05:51,
77095,96,KENIA,paisOrigen,,1,1,,1,0,0,2026-03-18 19:05:51,2026-03-18 19:05:51,
77096,97,KIRGUISTÁN,paisOrigen,,1,1,,1,0,0,2026-03-18 19:05:51,2026-03-18 19:05:51,
77097,98,KIRIBATI,paisOrigen,,1,1,,1,0,0,2026-03-18 19:05:52,2026-03-18 19:05:52,
77098,99,KUWAIT,paisOrigen,,1,1,,1,0,0,2026-03-18 19:05:52,2026-03-18 19:05:52,
77099,100,LESOTO,paisOrigen,,1,1,,1,0,0,2026-03-18 19:05:52,2026-03-18 19:05:52,
77100,101,LETONIA,paisOrigen,,1,1,,1,0,0,2026-03-18 19:05:52,2026-03-18 19:05:52,
77101,102,LIBERIA,paisOrigen,,1,1,,1,0,0,2026-03-18 19:05:52,2026-03-18 19:05:52,
77102,103,LIBIA,paisOrigen,,1,1,,1,0,0,2026-03-18 19:05:52,2026-03-18 19:05:52,
77103,104,LITUANIA,paisOrigen,,1,1,,1,0,0,2026-03-18 19:05:52,2026-03-18 19:05:52,
77104,105,LUXEMBURGO,paisOrigen,,1,1,,1,0,0,2026-03-18 19:05:52,2026-03-18 19:05:52,
77105,106,LÍBANO,paisOrigen,,1,1,,1,0,0,2026-03-18 19:05:52,2026-03-18 19:05:52,
77106,107,MADAGASCAR,paisOrigen,,1,1,,1,0,0,2026-03-18 19:05:52,2026-03-18 19:05:52,
77107,108,MALASIA,paisOrigen,,1,1,,1,0,0,2026-03-18 19:05:52,2026-03-18 19:05:52,
77108,109,MALAWI,paisOrigen,,1,1,,1,0,0,2026-03-18 19:05:52,2026-03-18 19:05:52,
77109,110,MALDIVAS,paisOrigen,,1,1,,1,0,0,2026-03-18 19:05:52,2026-03-18 19:05:52,
77110,111,MALTA,paisOrigen,,1,1,,1,0,0,2026-03-18 19:05:52,2026-03-18 19:05:52,
77111,112,MALÍ,paisOrigen,,1,1,,1,0,0,2026-03-18 19:05:52,2026-03-18 19:05:52,
77112,113,MARRUECOS,paisOrigen,,1,1,,1,0,0,2026-03-18 19:05:52,2026-03-18 19:05:52,
77113,114,MAURICIO,paisOrigen,,1,1,,1,0,0,2026-03-18 19:05:52,2026-03-18 19:05:52,
77114,115,MAURITANIA,paisOrigen,,1,1,,1,0,0,2026-03-18 19:05:52,2026-03-18 19:05:52,
77115,116,MICRONESIA (ESTADOS FEDERADOS DE),paisOrigen,,1,1,,1,0,0,2026-03-18 19:05:52,2026-03-18 19:05:52,
77116,117,MONGOLIA,paisOrigen,,1,1,,1,0,0,2026-03-18 19:05:52,2026-03-18 19:05:52,
77117,118,MONTENEGRO,paisOrigen,,1,1,,1,0,0,2026-03-18 19:05:52,2026-03-18 19:05:52,
77118,119,MOZAMBIQUE,paisOrigen,,1,1,,1,0,0,2026-03-18 19:05:52,2026-03-18 19:05:52,
77119,120,MYANMAR,paisOrigen,,1,1,,1,0,0,2026-03-18 19:05:52,2026-03-18 19:05:52,
77120,121,MÉXICO,paisOrigen,,1,1,,1,0,0,2026-03-18 19:05:52,2026-03-18 19:05:52,
77121,122,MÓNACO,paisOrigen,,1,1,,1,0,0,2026-03-18 19:05:52,2026-03-18 19:05:52,
77122,123,NAMIBIA,paisOrigen,,1,1,,1,0,0,2026-03-18 19:05:52,2026-03-18 19:05:52,
77123,124,NAURU,paisOrigen,,1,1,,1,0,0,2026-03-18 19:05:52,2026-03-18 19:05:52,
77124,125,NEPAL,paisOrigen,,1,1,,1,0,0,2026-03-18 19:05:52,2026-03-18 19:05:52,
77125,126,NICARAGUA,paisOrigen,,1,1,,1,0,0,2026-03-18 19:05:52,2026-03-18 19:05:52,
77126,127,NIGERIA,paisOrigen,,1,1,,1,0,0,2026-03-18 19:05:52,2026-03-18 19:05:52,
77127,128,NIUE,paisOrigen,,1,1,,1,0,0,2026-03-18 19:05:52,2026-03-18 19:05:52,
77128,129,NORUEGA,paisOrigen,,1,1,,1,0,0,2026-03-18 19:05:52,2026-03-18 19:05:52,
77129,130,NUEVA ZELANDA,paisOrigen,,1,1,,1,0,0,2026-03-18 19:05:52,2026-03-18 19:05:52,
77130,131,NÍGER,paisOrigen,,1,1,,1,0,0,2026-03-18 19:05:52,2026-03-18 19:05:52,
77131,132,OMÁN,paisOrigen,,1,1,,1,0,0,2026-03-18 19:05:52,2026-03-18 19:05:52,
77132,133,PAKISTÁN,paisOrigen,,1,1,,1,0,0,2026-03-18 19:05:52,2026-03-18 19:05:52,
77133,134,PALAOS,paisOrigen,,1,1,,1,0,0,2026-03-18 19:05:52,2026-03-18 19:05:52,
77134,135,PANAMÁ,paisOrigen,,1,1,,1,0,0,2026-03-18 19:05:52,2026-03-18 19:05:52,
77135,136,PAPUA NUEVA GUINEA,paisOrigen,,1,1,,1,0,0,2026-03-18 19:05:52,2026-03-18 19:05:52,
77136,137,PARAGUAY,paisOrigen,,1,1,,1,0,0,2026-03-18 19:05:52,2026-03-18 19:05:52,
77137,138,PAÍSES BAJOS,paisOrigen,,1,1,,1,0,0,2026-03-18 19:05:52,2026-03-18 19:05:52,
77138,139,PERÚ,paisOrigen,,1,1,,1,0,0,2026-03-18 19:05:52,2026-03-18 19:05:52,
77139,140,POLONIA,paisOrigen,,1,1,,1,0,0,2026-03-18 19:05:52,2026-03-18 19:05:52,
77140,141,PORTUGAL,paisOrigen,,1,1,,1,0,0,2026-03-18 19:05:52,2026-03-18 19:05:52,
77141,142,QATAR,paisOrigen,,1,1,,1,0,0,2026-03-18 19:05:52,2026-03-18 19:05:52,
77142,143,REINO UNIDO,paisOrigen,,1,1,,1,0,0,2026-03-18 19:05:52,2026-03-18 19:05:52,
77143,144,REPÚBLICA CENTROAFRICANA,paisOrigen,,1,1,,1,0,0,2026-03-18 19:05:52,2026-03-18 19:05:52,
77144,145,REPÚBLICA DEMOCRÁTICA POPULAR LAO,paisOrigen,,1,1,,1,0,0,2026-03-18 19:05:52,2026-03-18 19:05:52,
77145,146,REPÚBLICA DEMOCRÁTICA DEL CONGO,paisOrigen,,1,1,,1,0,0,2026-03-18 19:05:52,2026-03-18 19:05:52,
77146,147,REPÚBLICA DOMINICANA,paisOrigen,,1,1,,1,0,0,2026-03-18 19:05:52,2026-03-18 19:05:52,
77147,148,REPÚBLICA POPULAR DEMOCRÁTICA DE COREA,paisOrigen,,1,1,,1,0,0,2026-03-18 19:05:52,2026-03-18 19:05:52,
77148,149,REPÚBLICA UNIDA DE TANZANÍA,paisOrigen,,1,1,,1,0,0,2026-03-18 19:05:52,2026-03-18 19:05:52,
77149,150,REPÚBLICA DE COREA,paisOrigen,,1,1,,1,0,0,2026-03-18 19:05:52,2026-03-18 19:05:52,
77150,151,REPÚBLICA DE MOLDAVIA,paisOrigen,,1,1,,1,0,0,2026-03-18 19:05:52,2026-03-18 19:05:52,
77151,152,REPÚBLICA ÁRABE SIRIA,paisOrigen,,1,1,,1,0,0,2026-03-18 19:05:52,2026-03-18 19:05:52,
77152,153,RUMANIA,paisOrigen,,1,1,,1,0,0,2026-03-18 19:05:52,2026-03-18 19:05:52,
77153,154,REPÚBLICA DE RUANDA,paisOrigen,,1,1,,1,0,0,2026-03-18 19:05:52,2026-03-18 19:05:52,
77154,1,CI - CÉDULA DE IDENTIDAD,tipoDocumentoIdentidad,,1,1,,1,0,0,2026-03-18 19:06:01,2026-03-18 19:06:01,
77155,2,CEX - CÉDULA DE IDENTIDAD DE EXTRANJERO,tipoDocumentoIdentidad,,1,1,,1,0,0,2026-03-18 19:06:01,2026-03-18 19:06:01,
77156,5,NIT - NÚMERO DE IDENTIFICACIÓN TRIBUTARIA,tipoDocumentoIdentidad,,1,1,,1,0,0,2026-03-18 19:06:01,2026-03-18 19:06:01,
77157,3,PAS - PASAPORTE,tipoDocumentoIdentidad,,1,1,,1,0,0,2026-03-18 19:06:01,2026-03-18 19:06:01,
77158,4,OD - OTRO DOCUMENTO DE IDENTIDAD,tipoDocumentoIdentidad,,1,1,,1,0,0,2026-03-18 19:06:01,2026-03-18 19:06:01,
77159,43,FACTURA COMERCIAL DE EXPORTACIÓN HIDROCARBUROS,tipoDocumentoSector,,1,1,,1,0,0,2026-03-18 19:06:21,2026-03-18 19:06:21,
77160,53,FACTURA IMPORTACION COMERCIALIZACION LUBRICANTES IEHD,tipoDocumentoSector,,1,1,,1,0,0,2026-03-18 19:06:21,2026-03-18 19:06:21,
77161,44,FACTURA IMPORTACION COMERCIALIZACION LUBRICANTES,tipoDocumentoSector,,1,1,,1,0,0,2026-03-18 19:06:21,2026-03-18 19:06:21,
77162,51,FACTURA ENGARRAFADORAS,tipoDocumentoSector,,1,1,,1,0,0,2026-03-18 19:06:21,2026-03-18 19:06:21,
77163,40,FACTURA DE SERVICIOS BÁSICOS ZF,tipoDocumentoSector,,1,1,,1,0,0,2026-03-18 19:06:21,2026-03-18 19:06:21,
77164,35,FACTURA COMPRA VENTA BONIFICACIONES,tipoDocumentoSector,,1,1,,1,0,0,2026-03-18 19:06:21,2026-03-18 19:06:21,
77165,41,FACTURA COMPRA VENTA TASAS,tipoDocumentoSector,,1,1,,1,0,0,2026-03-18 19:06:21,2026-03-18 19:06:21,
77166,36,FACTURA PREVALORADA SDCF,tipoDocumentoSector,,1,1,,1,0,0,2026-03-18 19:06:21,2026-03-18 19:06:21,
77167,6,FACTURA DE SERVICIO TURÍSTICO Y HOSPEDAJE,tipoDocumentoSector,,1,1,,1,0,0,2026-03-18 19:06:21,2026-03-18 19:06:21,
77168,8,FACTURA DE TASA CERO POR VENTA DE LIBROS Y TRANSPORTE INTERNACIONAL DE CARGA,tipoDocumentoSector,,1,1,,1,0,0,2026-03-18 19:06:21,2026-03-18 19:06:21,
77169,19,FACTURA HIDROCARBUROS ALCANZADA IEHD,tipoDocumentoSector,,1,1,,1,0,0,2026-03-18 19:06:21,2026-03-18 19:06:21,
77170,42,FACTURA ALQUILER ZF,tipoDocumentoSector,,1,1,,1,0,0,2026-03-18 19:06:21,2026-03-18 19:06:21,
77171,28,FACTURA COMERCIAL DE EXPORTACIÓN DE SERVICIOS,tipoDocumentoSector,,1,1,,1,0,0,2026-03-18 19:06:21,2026-03-18 19:06:21,
77172,45,FACTURA COMERCIAL DE EXPORTACION PRECIO VENTA,tipoDocumentoSector,,1,1,,1,0,0,2026-03-18 19:06:21,2026-03-18 19:06:21,
77173,46,FACTURA SECTORES EDUCATIVO ZONA FRANCA,tipoDocumentoSector,,1,1,,1,0,0,2026-03-18 19:06:21,2026-03-18 19:06:21,
77174,33,FACTURA TASA CERO BIENES CAPITAL,tipoDocumentoSector,,1,1,,1,0,0,2026-03-18 19:06:21,2026-03-18 19:06:21,
77175,54,FACTURA VENTA DE MATERIA PRIMA PARA BIODIESEL,tipoDocumentoSector,,1,1,,1,0,0,2026-03-18 19:06:21,2026-03-18 19:06:21,
77176,47,NOTA CREDITO DEBITO DESCUENTO,tipoDocumentoSector,,1,1,,1,0,0,2026-03-18 19:06:21,2026-03-18 19:06:21,
77177,48,NOTA CREDITO DEBITO ICE,tipoDocumentoSector,,1,1,,1,0,0,2026-03-18 19:06:21,2026-03-18 19:06:21,
77178,55,FACTURA COMERCIALIZACIÓN DE COMBUSTIBLE - NO SUBVENCIONADO,tipoDocumentoSector,,1,1,,1,0,0,2026-03-18 19:06:21,2026-03-18 19:06:21,
77179,49,FACTURA TELECOMUNICACIONES ZONA FRANCA,tipoDocumentoSector,,1,1,,1,0,0,2026-03-18 19:06:21,2026-03-18 19:06:21,
77180,50,FACTURA DE HOSPITALES/CLÍNICAS ZONA FRANCA,tipoDocumentoSector,,1,1,,1,0,0,2026-03-18 19:06:21,2026-03-18 19:06:21,
77181,52,FACTURA VENTA MINERAL BANCO CENTRAL,tipoDocumentoSector,,1,1,,1,0,0,2026-03-18 19:06:21,2026-03-18 19:06:21,
77182,10,FACTURA DUTTY FREE,tipoDocumentoSector,,1,1,,1,0,0,2026-03-18 19:06:21,2026-03-18 19:06:21,
77183,29,NOTA DE CONCILIACION,tipoDocumentoSector,,1,1,,1,0,0,2026-03-18 19:06:21,2026-03-18 19:06:21,
77184,20,FACTURA COMERCIAL DE EXPORTACIÓN DE MINERALES,tipoDocumentoSector,,1,1,,1,0,0,2026-03-18 19:06:21,2026-03-18 19:06:21,
77185,30,BOLETO AEREO,tipoDocumentoSector,,1,1,,1,0,0,2026-03-18 19:06:21,2026-03-18 19:06:21,
77186,37,FACTURA DE COMERCIALIZACIÓN DE GNV,tipoDocumentoSector,,1,1,,1,0,0,2026-03-18 19:06:22,2026-03-18 19:06:22,
77187,31,FACTURA DE SUMINISTRO,tipoDocumentoSector,,1,1,,1,0,0,2026-03-18 19:06:22,2026-03-18 19:06:22,
77188,21,FACTURA VENTA INTERNA MINERALES,tipoDocumentoSector,,1,1,,1,0,0,2026-03-18 19:06:22,2026-03-18 19:06:22,
77189,38,FACTURA HIDROCARBUROS NO ALCANZADA IEHD,tipoDocumentoSector,,1,1,,1,0,0,2026-03-18 19:06:22,2026-03-18 19:06:22,
77190,34,FACTURA DE SEGUROS,tipoDocumentoSector,,1,1,,1,0,0,2026-03-18 19:06:22,2026-03-18 19:06:22,
77191,39,FACTURA COMERCIALIZACION GN y GLP,tipoDocumentoSector,,1,1,,1,0,0,2026-03-18 19:06:22,2026-03-18 19:06:22,
77192,23,FACTURA PREVALORADA,tipoDocumentoSector,,1,1,,1,0,0,2026-03-18 19:06:22,2026-03-18 19:06:22,
77193,1,FACTURA COMPRA-VENTA,tipoDocumentoSector,,1,1,,1,0,0,2026-03-18 19:06:22,2026-03-18 19:06:22,
77194,11,FACTURA SECTORES EDUCATIVOS,tipoDocumentoSector,,1,1,,1,0,0,2026-03-18 19:06:22,2026-03-18 19:06:22,
77195,2,FACTURA DE ALQUILER DE BIENES INMUEBLES,tipoDocumentoSector,,1,1,,1,0,0,2026-03-18 19:06:22,2026-03-18 19:06:22,
77196,12,FACTURA DE COMERCIALIZACIÓN DE HIDROCARBUROS,tipoDocumentoSector,,1,1,,1,0,0,2026-03-18 19:06:22,2026-03-18 19:06:22,
77197,13,FACTURA DE SERVICIOS BÁSICOS,tipoDocumentoSector,,1,1,,1,0,0,2026-03-18 19:06:22,2026-03-18 19:06:22,
77198,14,FACTURA PRODUCTOS ALCANZADOS POR EL ICE,tipoDocumentoSector,,1,1,,1,0,0,2026-03-18 19:06:22,2026-03-18 19:06:22,
77199,15,FACTURA DE ENTIDADES FINANCIERAS,tipoDocumentoSector,,1,1,,1,0,0,2026-03-18 19:06:22,2026-03-18 19:06:22,
77200,16,FACTURA DE HOTELES,tipoDocumentoSector,,1,1,,1,0,0,2026-03-18 19:06:22,2026-03-18 19:06:22,
77201,17,FACTURA DE HOSPITALES/CLÍNICAS,tipoDocumentoSector,,1,1,,1,0,0,2026-03-18 19:06:22,2026-03-18 19:06:22,
77202,18,FACTURA DE JUEGOS DE AZAR,tipoDocumentoSector,,1,1,,1,0,0,2026-03-18 19:06:22,2026-03-18 19:06:22,
77203,3,FACTURA COMERCIAL DE EXPORTACIÓN,tipoDocumentoSector,,1,1,,1,0,0,2026-03-18 19:06:22,2026-03-18 19:06:22,
77204,4,FACTURA COMERCIAL DE EXPORTACIÓN EN LIBRE CONSIGNACIÓN,tipoDocumentoSector,,1,1,,1,0,0,2026-03-18 19:06:22,2026-03-18 19:06:22,
77205,5,FACTURA DE ZONA FRANCA,tipoDocumentoSector,,1,1,,1,0,0,2026-03-18 19:06:22,2026-03-18 19:06:22,
77206,7,FACTURA DE COMERCIALIZACIÓN DE ALIMENTOS – SEGURIDAD ,tipoDocumentoSector,,1,1,,1,0,0,2026-03-18 19:06:22,2026-03-18 19:06:22,
77207,22,FACTURA TELECOMUNICACIONES,tipoDocumentoSector,,1,1,,1,0,0,2026-03-18 19:06:22,2026-03-18 19:06:22,
77208,9,FACTURA DE COMPRA Y VENTA DE MONEDA EXTRANJERA ,tipoDocumentoSector,,1,1,,1,0,0,2026-03-18 19:06:22,2026-03-18 19:06:22,
77209,24,NOTA DE CRÉDITO-DÉBITO,tipoDocumentoSector,,1,1,,1,0,0,2026-03-18 19:06:22,2026-03-18 19:06:22,
77210,3,MASIVO,tipoEmision,,1,1,,1,0,0,2026-03-18 19:06:34,2026-03-18 19:06:34,
77211,4,CONTINGENCIA,tipoEmision,,1,1,,1,0,0,2026-03-18 19:06:34,2026-03-18 19:06:34,
77212,1,EN LINEA,tipoEmision,,1,1,,1,0,0,2026-03-18 19:06:34,2026-03-18 19:06:34,
77213,2,FUERA DE LINEA,tipoEmision,,1,1,,1,0,0,2026-03-18 19:06:34,2026-03-18 19:06:34,
77214,3,HABITACION DOBLE DE USO INDIVIDUAL,tipoHabitacion,,1,1,,1,0,0,2026-03-18 19:06:45,2026-03-18 19:06:45,
77215,4,HABITACIÓN DOBLE CON CAMA SUPLETORIA,tipoHabitacion,,1,1,,1,0,0,2026-03-18 19:06:45,2026-03-18 19:06:45,
77216,5,HABITACIÓN MATRIMONIAL,tipoHabitacion,,1,1,,1,0,0,2026-03-18 19:06:45,2026-03-18 19:06:45,
77217,6,HABITACIÓN TRIPLE,tipoHabitacion,,1,1,,1,0,0,2026-03-18 19:06:45,2026-03-18 19:06:45,
77218,7,HABITACIÓN CUÁDRUPLE,tipoHabitacion,,1,1,,1,0,0,2026-03-18 19:06:45,2026-03-18 19:06:45,
77219,8,HABITACIÓN FAMILIAR,tipoHabitacion,,1,1,,1,0,0,2026-03-18 19:06:45,2026-03-18 19:06:45,
77220,9,JUNIOR SUITE,tipoHabitacion,,1,1,,1,0,0,2026-03-18 19:06:45,2026-03-18 19:06:45,
77221,10,SUITE,tipoHabitacion,,1,1,,1,0,0,2026-03-18 19:06:45,2026-03-18 19:06:45,
77222,11,SUITE DOBLE,tipoHabitacion,,1,1,,1,0,0,2026-03-18 19:06:45,2026-03-18 19:06:45,
77223,12,SUITE NUPCIAL,tipoHabitacion,,1,1,,1,0,0,2026-03-18 19:06:45,2026-03-18 19:06:45,
77224,13,SUITE PRESIDENCIAL,tipoHabitacion,,1,1,,1,0,0,2026-03-18 19:06:45,2026-03-18 19:06:45,
77225,14,CABAÑA,tipoHabitacion,,1,1,,1,0,0,2026-03-18 19:06:45,2026-03-18 19:06:45,
77226,15,DEPARTAMENTO,tipoHabitacion,,1,1,,1,0,0,2026-03-18 19:06:45,2026-03-18 19:06:45,
77227,16,DORMITORIOS,tipoHabitacion,,1,1,,1,0,0,2026-03-18 19:06:45,2026-03-18 19:06:45,
77228,1,HABITACIÓN SENCILLA,tipoHabitacion,,1,1,,1,0,0,2026-03-18 19:06:45,2026-03-18 19:06:45,
77229,2,HABITACIÓN DOBLE,tipoHabitacion,,1,1,,1,0,0,2026-03-18 19:06:45,2026-03-18 19:06:45,
77230,299,DEBITO AUTOMATICO -  VALE,tipoMetodoPago,,1,1,,1,0,0,2026-03-18 19:07:07,2026-03-18 19:07:07,
77231,300,DEBITO AUTOMATICO -  PAGO POSTERIOR,tipoMetodoPago,,1,1,,1,0,0,2026-03-18 19:07:07,2026-03-18 19:07:07,
77232,301,DEBITO AUTOMATICO -  TRANSFERENCIA BANCARIA,tipoMetodoPago,,1,1,,1,0,0,2026-03-18 19:07:07,2026-03-18 19:07:07,
77233,302,DEBITO AUTOMATICO -  DEPOSITO EN CUENTA,tipoMetodoPago,,1,1,,1,0,0,2026-03-18 19:07:07,2026-03-18 19:07:07,
77234,303,DEBITO AUTOMATICO -  TRANSFERENCIA SWIFT,tipoMetodoPago,,1,1,,1,0,0,2026-03-18 19:07:07,2026-03-18 19:07:07,
77235,304,DEBITO AUTOMATICO - GIFT-CARD,tipoMetodoPago,,1,1,,1,0,0,2026-03-18 19:07:07,2026-03-18 19:07:07,
77236,305,DEBITO AUTOMATICO -  CANAL DE PAGO,tipoMetodoPago,,1,1,,1,0,0,2026-03-18 19:07:07,2026-03-18 19:07:07,
77237,306,DEBITO AUTOMATICO -  BILLETERA MOVIL,tipoMetodoPago,,1,1,,1,0,0,2026-03-18 19:07:07,2026-03-18 19:07:07,
77238,307,DEBITO AUTOMATICO -  PAGO ONLINE,tipoMetodoPago,,1,1,,1,0,0,2026-03-18 19:07:07,2026-03-18 19:07:07,
77239,308,DEBITO AUTOMATICO – OTRO,tipoMetodoPago,,1,1,,1,0,0,2026-03-18 19:07:07,2026-03-18 19:07:07,
77240,10,EFECTIVO-TARJETA,tipoMetodoPago,,1,1,,1,0,0,2026-03-18 19:07:07,2026-03-18 19:07:07,
77241,11,EFECTIVO-CHEQUE,tipoMetodoPago,,1,1,,1,0,0,2026-03-18 19:07:07,2026-03-18 19:07:07,
77242,12,EFECTIVO-VALES,tipoMetodoPago,,1,1,,1,0,0,2026-03-18 19:07:07,2026-03-18 19:07:07,
77243,13,EFECTIVO – TRANSFERENCIA BANCARIA,tipoMetodoPago,,1,1,,1,0,0,2026-03-18 19:07:07,2026-03-18 19:07:07,
77244,14,EFECTIVO-DEPOSITO EN CUENTA,tipoMetodoPago,,1,1,,1,0,0,2026-03-18 19:07:07,2026-03-18 19:07:07,
77245,15,EFECTIVO – TRANSFERENCIA BANCARIA SWIFT,tipoMetodoPago,,1,1,,1,0,0,2026-03-18 19:07:07,2026-03-18 19:07:07,
77246,16,TARJETA-CHEQUE,tipoMetodoPago,,1,1,,1,0,0,2026-03-18 19:07:08,2026-03-18 19:07:08,
77247,17,TARJETA-VALES,tipoMetodoPago,,1,1,,1,0,0,2026-03-18 19:07:08,2026-03-18 19:07:08,
77248,18,TARJETA-TRANSFERENCIA BANCARIA,tipoMetodoPago,,1,1,,1,0,0,2026-03-18 19:07:08,2026-03-18 19:07:08,
77249,19,TARJETA-DEPOSITO EN CUENTA,tipoMetodoPago,,1,1,,1,0,0,2026-03-18 19:07:08,2026-03-18 19:07:08,
77250,20,TARJETA-TRANSFERENCIA SWIFT,tipoMetodoPago,,1,1,,1,0,0,2026-03-18 19:07:08,2026-03-18 19:07:08,
77251,21,VALES-TRANSFERENCIA BANCARIA,tipoMetodoPago,,1,1,,1,0,0,2026-03-18 19:07:08,2026-03-18 19:07:08,
77252,22,VALES – DEPOSITO EN CUENTA,tipoMetodoPago,,1,1,,1,0,0,2026-03-18 19:07:08,2026-03-18 19:07:08,
77253,23,VALES – SWIFT,tipoMetodoPago,,1,1,,1,0,0,2026-03-18 19:07:08,2026-03-18 19:07:08,
77254,24,TRANSFERENCIA BANCARIA-DEPOSITO EN CUENTA,tipoMetodoPago,,1,1,,1,0,0,2026-03-18 19:07:08,2026-03-18 19:07:08,
77255,25,TRANSFERENCIA BANCARIA-TRANSFERENCIA SWIFT,tipoMetodoPago,,1,1,,1,0,0,2026-03-18 19:07:08,2026-03-18 19:07:08,
77256,26,DEPOSITO EN CUENTA – TRANSFERENCIA SWIFT,tipoMetodoPago,,1,1,,1,0,0,2026-03-18 19:07:08,2026-03-18 19:07:08,
77257,6,PAGO POSTERIOR,tipoMetodoPago,,1,1,,1,0,0,2026-03-18 19:07:08,2026-03-18 19:07:08,
77258,7,TRANSFERENCIA BANCARIA,tipoMetodoPago,,1,1,,1,0,0,2026-03-18 19:07:08,2026-03-18 19:07:08,
77259,27,GIFT-CARD,tipoMetodoPago,,1,1,,1,0,0,2026-03-18 19:07:08,2026-03-18 19:07:08,
77260,8,DEPOSITO EN CUENTA,tipoMetodoPago,,1,1,,1,0,0,2026-03-18 19:07:08,2026-03-18 19:07:08,
77261,9,TRANSFERENCIA SWIFT,tipoMetodoPago,,1,1,,1,0,0,2026-03-18 19:07:08,2026-03-18 19:07:08,
77262,29,EFECTIVO - TARJETA - VALE,tipoMetodoPago,,1,1,,1,0,0,2026-03-18 19:07:08,2026-03-18 19:07:08,
77263,30,OTROS – GIFT CARD,tipoMetodoPago,,1,1,,1,0,0,2026-03-18 19:07:08,2026-03-18 19:07:08,
77264,31,CANAL DE PAGO,tipoMetodoPago,,1,1,,1,0,0,2026-03-18 19:07:08,2026-03-18 19:07:08,
77265,32,BILLETERA MOVIL,tipoMetodoPago,,1,1,,1,0,0,2026-03-18 19:07:08,2026-03-18 19:07:08,
77266,33,PAGO ONLINE,tipoMetodoPago,,1,1,,1,0,0,2026-03-18 19:07:08,2026-03-18 19:07:08,
77267,34,EFECTIVO – PAGO POSTERIOR,tipoMetodoPago,,1,1,,1,0,0,2026-03-18 19:07:08,2026-03-18 19:07:08,
77268,35,EFECTIVO – GIFT-CARD,tipoMetodoPago,,1,1,,1,0,0,2026-03-18 19:07:08,2026-03-18 19:07:08,
77269,36,EFECTIVO – CANAL PAGO,tipoMetodoPago,,1,1,,1,0,0,2026-03-18 19:07:08,2026-03-18 19:07:08,
77270,37,EFECTIVO – BILLETERA MOVIL,tipoMetodoPago,,1,1,,1,0,0,2026-03-18 19:07:08,2026-03-18 19:07:08,
77271,38,EFECTIVO – PAGO ONLINE,tipoMetodoPago,,1,1,,1,0,0,2026-03-18 19:07:08,2026-03-18 19:07:08,
77272,39,TARJETA – PAGO POSTERIOR,tipoMetodoPago,,1,1,,1,0,0,2026-03-18 19:07:08,2026-03-18 19:07:08,
77273,40,TARJETA – GIFT-CARD,tipoMetodoPago,,1,1,,1,0,0,2026-03-18 19:07:08,2026-03-18 19:07:08,
77274,41,TARJETA – CANAL PAGO,tipoMetodoPago,,1,1,,1,0,0,2026-03-18 19:07:08,2026-03-18 19:07:08,
77275,42,TARJETA – BILLETERA MOVIL,tipoMetodoPago,,1,1,,1,0,0,2026-03-18 19:07:08,2026-03-18 19:07:08,
77276,43,TARJETA – PAGO ONLINE,tipoMetodoPago,,1,1,,1,0,0,2026-03-18 19:07:08,2026-03-18 19:07:08,
77277,44,CHEQUE – VALES,tipoMetodoPago,,1,1,,1,0,0,2026-03-18 19:07:08,2026-03-18 19:07:08,
77278,45,CHEQUE – PAGO POSTERIOR,tipoMetodoPago,,1,1,,1,0,0,2026-03-18 19:07:08,2026-03-18 19:07:08,
77279,46,CHEQUE – TRANSFERENCIA BANCARIA,tipoMetodoPago,,1,1,,1,0,0,2026-03-18 19:07:08,2026-03-18 19:07:08,
77280,47,CHEQUE – DEPOSITO EN CUENTA,tipoMetodoPago,,1,1,,1,0,0,2026-03-18 19:07:08,2026-03-18 19:07:08,
77281,48,CHEQUE – SWIFT,tipoMetodoPago,,1,1,,1,0,0,2026-03-18 19:07:08,2026-03-18 19:07:08,
77282,49,CHEQUE – GIFT-CARD,tipoMetodoPago,,1,1,,1,0,0,2026-03-18 19:07:08,2026-03-18 19:07:08,
77283,50,CHEQUE – CANAL PAGO,tipoMetodoPago,,1,1,,1,0,0,2026-03-18 19:07:08,2026-03-18 19:07:08,
77284,51,CHEQUE – BILLETERA,tipoMetodoPago,,1,1,,1,0,0,2026-03-18 19:07:08,2026-03-18 19:07:08,
77285,52,CHEQUE – PAGO ONLINE,tipoMetodoPago,,1,1,,1,0,0,2026-03-18 19:07:08,2026-03-18 19:07:08,
77286,53,VALES – GIFT-CARD,tipoMetodoPago,,1,1,,1,0,0,2026-03-18 19:07:08,2026-03-18 19:07:08,
77287,54,VALES – CANAL DE PAGO,tipoMetodoPago,,1,1,,1,0,0,2026-03-18 19:07:08,2026-03-18 19:07:08,
77288,55,VALES – BILLETERA MOVIL,tipoMetodoPago,,1,1,,1,0,0,2026-03-18 19:07:08,2026-03-18 19:07:08,
77289,56,VALES – PAGO ONLINE,tipoMetodoPago,,1,1,,1,0,0,2026-03-18 19:07:08,2026-03-18 19:07:08,
77290,57,PAGO POSTERIOR – TRANSFERENCIA BANCARIA,tipoMetodoPago,,1,1,,1,0,0,2026-03-18 19:07:08,2026-03-18 19:07:08,
77291,58,PAGO POSTERIOR – DEPOSITO EN CUENTA,tipoMetodoPago,,1,1,,1,0,0,2026-03-18 19:07:08,2026-03-18 19:07:08,
77292,59,PAGO POSTERIOR – SWIFT,tipoMetodoPago,,1,1,,1,0,0,2026-03-18 19:07:08,2026-03-18 19:07:08,
77293,60,PAGO POSTERIOR – GIFT-CARD,tipoMetodoPago,,1,1,,1,0,0,2026-03-18 19:07:08,2026-03-18 19:07:08,
77294,61,PAGO POSTERIOR – CANAL,tipoMetodoPago,,1,1,,1,0,0,2026-03-18 19:07:08,2026-03-18 19:07:08,
77295,62,PAGO POSTERIOR – BILLETERA,tipoMetodoPago,,1,1,,1,0,0,2026-03-18 19:07:08,2026-03-18 19:07:08,
77296,63,PAGO POSTERIOR – PAGO ONLINE,tipoMetodoPago,,1,1,,1,0,0,2026-03-18 19:07:08,2026-03-18 19:07:08,
77297,1,EFECTIVO,tipoMetodoPago,,1,1,,1,0,0,2026-03-18 19:07:08,2026-03-18 19:07:08,
77298,64,TRANSFERENCIA BANCARIA – GIFT-CARD,tipoMetodoPago,,1,1,,1,0,0,2026-03-18 19:07:08,2026-03-18 19:07:08,
77299,2,TARJETA,tipoMetodoPago,,1,1,,1,0,0,2026-03-18 19:07:08,2026-03-18 19:07:08,
77300,65,TRANSFERENCIA BANCARIA – CANAL DE PAGO,tipoMetodoPago,,1,1,,1,0,0,2026-03-18 19:07:08,2026-03-18 19:07:08,
77301,3,CHEQUE,tipoMetodoPago,,1,1,,1,0,0,2026-03-18 19:07:08,2026-03-18 19:07:08,
77302,66,TRANSFERENCIA BANCARIA – BILLETERA MOVIL,tipoMetodoPago,,1,1,,1,0,0,2026-03-18 19:07:08,2026-03-18 19:07:08,
77303,4,VALES,tipoMetodoPago,,1,1,,1,0,0,2026-03-18 19:07:08,2026-03-18 19:07:08,
77304,67,TRANSFERENCIA BANCARIA – PAGO ONLINE,tipoMetodoPago,,1,1,,1,0,0,2026-03-18 19:07:08,2026-03-18 19:07:08,
77305,5,OTROS,tipoMetodoPago,,1,1,,1,0,0,2026-03-18 19:07:08,2026-03-18 19:07:08,
77306,68,DEPOSITO EN CUENTA – GIFT-CARD,tipoMetodoPago,,1,1,,1,0,0,2026-03-18 19:07:08,2026-03-18 19:07:08,
77307,69,DEPOSITO EN CUENTA – CANAL DE PAGO,tipoMetodoPago,,1,1,,1,0,0,2026-03-18 19:07:08,2026-03-18 19:07:08,
77308,70,DEPOSITO EN CUENTA – BILLETERA MOVIL,tipoMetodoPago,,1,1,,1,0,0,2026-03-18 19:07:08,2026-03-18 19:07:08,
77309,71,DEPOSITO EN CUENTA  – PAGO ONLINE,tipoMetodoPago,,1,1,,1,0,0,2026-03-18 19:07:08,2026-03-18 19:07:08,
77310,72,SWIFT – GIFT-CARD,tipoMetodoPago,,1,1,,1,0,0,2026-03-18 19:07:08,2026-03-18 19:07:08,
77311,73,SWIFT – CANAL DE PAGO,tipoMetodoPago,,1,1,,1,0,0,2026-03-18 19:07:08,2026-03-18 19:07:08,
77312,74,SWIFT – BILLETERA MOVIL,tipoMetodoPago,,1,1,,1,0,0,2026-03-18 19:07:08,2026-03-18 19:07:08,
77313,75,SWIFT – PAGO ONLINE,tipoMetodoPago,,1,1,,1,0,0,2026-03-18 19:07:08,2026-03-18 19:07:08,
77314,76,GIFT-CARD – CANAL DE PAGO,tipoMetodoPago,,1,1,,1,0,0,2026-03-18 19:07:08,2026-03-18 19:07:08,
77315,77,GIFT CARD – BILLETERA MOVIL,tipoMetodoPago,,1,1,,1,0,0,2026-03-18 19:07:08,2026-03-18 19:07:08,
77316,78,GIFT-CARD – PAGO ONLINE,tipoMetodoPago,,1,1,,1,0,0,2026-03-18 19:07:08,2026-03-18 19:07:08,
77317,79,CANAL DE PAGO – BILLETERA MOVIL,tipoMetodoPago,,1,1,,1,0,0,2026-03-18 19:07:08,2026-03-18 19:07:08,
77318,80,CANAL DE PAGO – PAGO ONLINE,tipoMetodoPago,,1,1,,1,0,0,2026-03-18 19:07:08,2026-03-18 19:07:08,
77319,81,BILLETERA MOVIL – PAGO ONLINE,tipoMetodoPago,,1,1,,1,0,0,2026-03-18 19:07:08,2026-03-18 19:07:08,
77320,82,EFECTIVO - TARJETA - PAGO POSTERIOR,tipoMetodoPago,,1,1,,1,0,0,2026-03-18 19:07:08,2026-03-18 19:07:08,
77321,83,EFECTIVO - TARJETA - TRANSFERENCIA BANCARIA,tipoMetodoPago,,1,1,,1,0,0,2026-03-18 19:07:08,2026-03-18 19:07:08,
77322,84,EFECTIVO - TARJETA - DEPOSITO EN CUENTA,tipoMetodoPago,,1,1,,1,0,0,2026-03-18 19:07:08,2026-03-18 19:07:08,
77323,85,EFECTIVO - TARJETA - TRANSFERENCIA SWIFT,tipoMetodoPago,,1,1,,1,0,0,2026-03-18 19:07:08,2026-03-18 19:07:08,
77324,86,EFECTIVO - TARJETA - GIFT-CARD,tipoMetodoPago,,1,1,,1,0,0,2026-03-18 19:07:08,2026-03-18 19:07:08,
77325,87,EFECTIVO - TARJETA - CANAL DE PAGO,tipoMetodoPago,,1,1,,1,0,0,2026-03-18 19:07:08,2026-03-18 19:07:08,
77326,88,EFECTIVO - TARJETA - BILLETERA MOVIL,tipoMetodoPago,,1,1,,1,0,0,2026-03-18 19:07:08,2026-03-18 19:07:08,
77327,89,EFECTIVO - TARJETA - PAGO ONLINE,tipoMetodoPago,,1,1,,1,0,0,2026-03-18 19:07:08,2026-03-18 19:07:08,
77328,90,EFECTIVO – CHEQUE - PAGO POSTERIOR,tipoMetodoPago,,1,1,,1,0,0,2026-03-18 19:07:08,2026-03-18 19:07:08,
77329,91,EFECTIVO – CHEQUE - TRANSFERENCIA BANCARIA,tipoMetodoPago,,1,1,,1,0,0,2026-03-18 19:07:08,2026-03-18 19:07:08,
77330,92,EFECTIVO – CHEQUE - DEPOSITO EN CUENTA,tipoMetodoPago,,1,1,,1,0,0,2026-03-18 19:07:09,2026-03-18 19:07:09,
77331,93,EFECTIVO – CHEQUE - TRANSFERENCIA SWIFT,tipoMetodoPago,,1,1,,1,0,0,2026-03-18 19:07:09,2026-03-18 19:07:09,
77332,94,EFECTIVO – CHEQUE - GIFT-CARD,tipoMetodoPago,,1,1,,1,0,0,2026-03-18 19:07:09,2026-03-18 19:07:09,
77333,95,EFECTIVO – CHEQUE - CANAL DE PAGO,tipoMetodoPago,,1,1,,1,0,0,2026-03-18 19:07:09,2026-03-18 19:07:09,
77334,96,EFECTIVO – CHEQUE - BILLETERA MOVIL,tipoMetodoPago,,1,1,,1,0,0,2026-03-18 19:07:09,2026-03-18 19:07:09,
77335,97,EFECTIVO – CHEQUE - PAGO ONLINE,tipoMetodoPago,,1,1,,1,0,0,2026-03-18 19:07:09,2026-03-18 19:07:09,
77336,98,EFECTIVO – VALES - PAGO POSTERIOR,tipoMetodoPago,,1,1,,1,0,0,2026-03-18 19:07:09,2026-03-18 19:07:09,
77337,99,EFECTIVO – VALES - TRANSFERENCIA BANCARIA,tipoMetodoPago,,1,1,,1,0,0,2026-03-18 19:07:09,2026-03-18 19:07:09,
77338,100,EFECTIVO – VALES - DEPOSITO EN CUENTA,tipoMetodoPago,,1,1,,1,0,0,2026-03-18 19:07:09,2026-03-18 19:07:09,
77339,101,EFECTIVO – VALES - TRANSFERENCIA SWIFT,tipoMetodoPago,,1,1,,1,0,0,2026-03-18 19:07:09,2026-03-18 19:07:09,
77340,102,EFECTIVO – VALES - GIFT-CARD,tipoMetodoPago,,1,1,,1,0,0,2026-03-18 19:07:09,2026-03-18 19:07:09,
77341,103,EFECTIVO – VALES - CANAL DE PAGO,tipoMetodoPago,,1,1,,1,0,0,2026-03-18 19:07:09,2026-03-18 19:07:09,
77342,104,EFECTIVO – VALES - BILLETERA MOVIL,tipoMetodoPago,,1,1,,1,0,0,2026-03-18 19:07:09,2026-03-18 19:07:09,
77343,105,EFECTIVO – VALES - PAGO ONLINE,tipoMetodoPago,,1,1,,1,0,0,2026-03-18 19:07:09,2026-03-18 19:07:09,
77344,106,EFECTIVO – PAGO POSTERIOR - TRANSFERENCIA BANCARIA,tipoMetodoPago,,1,1,,1,0,0,2026-03-18 19:07:09,2026-03-18 19:07:09,
77345,107,EFECTIVO – PAGO POSTERIOR - DEPOSITO EN CUENTA,tipoMetodoPago,,1,1,,1,0,0,2026-03-18 19:07:09,2026-03-18 19:07:09,
77346,108,EFECTIVO – PAGO POSTERIOR - TRANSFERENCIA SWIFT,tipoMetodoPago,,1,1,,1,0,0,2026-03-18 19:07:09,2026-03-18 19:07:09,
77347,109,EFECTIVO – PAGO POSTERIOR - GIFT-CARD,tipoMetodoPago,,1,1,,1,0,0,2026-03-18 19:07:09,2026-03-18 19:07:09,
77348,110,EFECTIVO – PAGO POSTERIOR - CANAL DE PAGO,tipoMetodoPago,,1,1,,1,0,0,2026-03-18 19:07:09,2026-03-18 19:07:09,
77349,111,EFECTIVO – PAGO POSTERIOR - BILLETERA MOVIL,tipoMetodoPago,,1,1,,1,0,0,2026-03-18 19:07:09,2026-03-18 19:07:09,
77350,112,EFECTIVO – PAGO POSTERIOR - PAGO ONLINE,tipoMetodoPago,,1,1,,1,0,0,2026-03-18 19:07:09,2026-03-18 19:07:09,
77351,113,EFECTIVO – TRANSFERENCIA BANCARIA  – DEPOSITO EN CUENTA,tipoMetodoPago,,1,1,,1,0,0,2026-03-18 19:07:09,2026-03-18 19:07:09,
77352,114,EFECTIVO – TRANSFERENCIA BANCARIA  – TRANSFERENCIA SWIFT,tipoMetodoPago,,1,1,,1,0,0,2026-03-18 19:07:09,2026-03-18 19:07:09,
77353,115,EFECTIVO – TRANSFERENCIA BANCARIA  – GIFT-CARD,tipoMetodoPago,,1,1,,1,0,0,2026-03-18 19:07:09,2026-03-18 19:07:09,
77354,116,EFECTIVO – TRANSFERENCIA BANCARIA  – CANAL DE PAGO,tipoMetodoPago,,1,1,,1,0,0,2026-03-18 19:07:09,2026-03-18 19:07:09,
77355,117,EFECTIVO – TRANSFERENCIA BANCARIA  – BILLETERA MOVIL,tipoMetodoPago,,1,1,,1,0,0,2026-03-18 19:07:09,2026-03-18 19:07:09,
77356,118,EFECTIVO – TRANSFERENCIA BANCARIA  – PAGO ONLINE,tipoMetodoPago,,1,1,,1,0,0,2026-03-18 19:07:09,2026-03-18 19:07:09,
77357,119,EFECTIVO – DEPOSITO EN CUENTA  – TRANSFERENCIA SWIFT,tipoMetodoPago,,1,1,,1,0,0,2026-03-18 19:07:09,2026-03-18 19:07:09,
77358,120,EFECTIVO – DEPOSITO EN CUENTA  – GIFT-CARD,tipoMetodoPago,,1,1,,1,0,0,2026-03-18 19:07:09,2026-03-18 19:07:09,
77359,121,EFECTIVO – DEPOSITO EN CUENTA  – CANAL DE PAGO,tipoMetodoPago,,1,1,,1,0,0,2026-03-18 19:07:09,2026-03-18 19:07:09,
77360,122,EFECTIVO – DEPOSITO EN CUENTA  – BILLETERA MOVIL,tipoMetodoPago,,1,1,,1,0,0,2026-03-18 19:07:09,2026-03-18 19:07:09,
77361,123,EFECTIVO – DEPOSITO EN CUENTA  – PAGO ONLINE,tipoMetodoPago,,1,1,,1,0,0,2026-03-18 19:07:09,2026-03-18 19:07:09,
77362,124,EFECTIVO – SWIFT - GIFT-CARD,tipoMetodoPago,,1,1,,1,0,0,2026-03-18 19:07:09,2026-03-18 19:07:09,
77363,125,EFECTIVO – SWIFT - CANAL DE PAGO,tipoMetodoPago,,1,1,,1,0,0,2026-03-18 19:07:09,2026-03-18 19:07:09,
77364,126,EFECTIVO – SWIFT - BILLETERA MOVIL,tipoMetodoPago,,1,1,,1,0,0,2026-03-18 19:07:09,2026-03-18 19:07:09,
77365,127,EFECTIVO – SWIFT - PAGO ONLINE,tipoMetodoPago,,1,1,,1,0,0,2026-03-18 19:07:09,2026-03-18 19:07:09,
77366,128,EFECTIVO – GIFT-CARD - CANAL DE PAGO,tipoMetodoPago,,1,1,,1,0,0,2026-03-18 19:07:09,2026-03-18 19:07:09,
77367,129,EFECTIVO – GIFT-CARD - BILLETERA MOVIL,tipoMetodoPago,,1,1,,1,0,0,2026-03-18 19:07:09,2026-03-18 19:07:09,
77368,130,EFECTIVO – GIFT-CARD - PAGO ONLINE,tipoMetodoPago,,1,1,,1,0,0,2026-03-18 19:07:09,2026-03-18 19:07:09,
77369,131,EFECTIVO – CANAL PAGO - BILLETERA MOVIL,tipoMetodoPago,,1,1,,1,0,0,2026-03-18 19:07:09,2026-03-18 19:07:09,
77370,132,EFECTIVO – CANAL PAGO - PAGO ONLINE,tipoMetodoPago,,1,1,,1,0,0,2026-03-18 19:07:09,2026-03-18 19:07:09,
77371,133,EFECTIVO – BILLETERA MOVIL - PAGO ONLINE,tipoMetodoPago,,1,1,,1,0,0,2026-03-18 19:07:09,2026-03-18 19:07:09,
77372,134,TARJETA – CHEQUE - PAGO POSTERIOR,tipoMetodoPago,,1,1,,1,0,0,2026-03-18 19:07:09,2026-03-18 19:07:09,
77373,135,TARJETA – CHEQUE - TRANSFERENCIA BANCARIA,tipoMetodoPago,,1,1,,1,0,0,2026-03-18 19:07:09,2026-03-18 19:07:09,
77374,136,TARJETA – CHEQUE - DEPOSITO EN CUENTA,tipoMetodoPago,,1,1,,1,0,0,2026-03-18 19:07:09,2026-03-18 19:07:09,
77375,137,TARJETA – CHEQUE - TRANSFERENCIA SWIFT,tipoMetodoPago,,1,1,,1,0,0,2026-03-18 19:07:09,2026-03-18 19:07:09,
77376,138,TARJETA – CHEQUE - GIFT-CARD,tipoMetodoPago,,1,1,,1,0,0,2026-03-18 19:07:09,2026-03-18 19:07:09,
77377,139,TARJETA – CHEQUE - CANAL DE PAGO,tipoMetodoPago,,1,1,,1,0,0,2026-03-18 19:07:09,2026-03-18 19:07:09,
77378,140,TARJETA – CHEQUE - BILLETERA MOVIL,tipoMetodoPago,,1,1,,1,0,0,2026-03-18 19:07:09,2026-03-18 19:07:09,
77379,141,TARJETA – CHEQUE - PAGO ONLINE,tipoMetodoPago,,1,1,,1,0,0,2026-03-18 19:07:09,2026-03-18 19:07:09,
77380,142,TARJETA – VALES - PAGO POSTERIOR,tipoMetodoPago,,1,1,,1,0,0,2026-03-18 19:07:09,2026-03-18 19:07:09,
77381,143,TARJETA – VALES - TRANSFERENCIA BANCARIA,tipoMetodoPago,,1,1,,1,0,0,2026-03-18 19:07:09,2026-03-18 19:07:09,
77382,144,TARJETA – VALES - DEPOSITO EN CUENTA,tipoMetodoPago,,1,1,,1,0,0,2026-03-18 19:07:09,2026-03-18 19:07:09,
77383,145,TARJETA – VALES - TRANSFERENCIA SWIFT,tipoMetodoPago,,1,1,,1,0,0,2026-03-18 19:07:09,2026-03-18 19:07:09,
77384,146,TARJETA – VALES - GIFT-CARD,tipoMetodoPago,,1,1,,1,0,0,2026-03-18 19:07:09,2026-03-18 19:07:09,
77385,147,TARJETA – VALES - CANAL DE PAGO,tipoMetodoPago,,1,1,,1,0,0,2026-03-18 19:07:09,2026-03-18 19:07:09,
77386,148,TARJETA – VALES - BILLETERA MOVIL,tipoMetodoPago,,1,1,,1,0,0,2026-03-18 19:07:09,2026-03-18 19:07:09,
77387,149,TARJETA – VALES - PAGO ONLINE,tipoMetodoPago,,1,1,,1,0,0,2026-03-18 19:07:09,2026-03-18 19:07:09,
77388,150,TARJETA – PAGO POSTERIOR - TRANSFERENCIA BANCARIA,tipoMetodoPago,,1,1,,1,0,0,2026-03-18 19:07:09,2026-03-18 19:07:09,
77389,151,TARJETA – PAGO POSTERIOR - DEPOSITO EN CUENTA,tipoMetodoPago,,1,1,,1,0,0,2026-03-18 19:07:09,2026-03-18 19:07:09,
77390,152,TARJETA – PAGO POSTERIOR - TRANSFERENCIA SWIFT,tipoMetodoPago,,1,1,,1,0,0,2026-03-18 19:07:09,2026-03-18 19:07:09,
77391,153,TARJETA – PAGO POSTERIOR - GIFT-CARD,tipoMetodoPago,,1,1,,1,0,0,2026-03-18 19:07:09,2026-03-18 19:07:09,
77392,154,TARJETA – PAGO POSTERIOR - CANAL DE PAGO,tipoMetodoPago,,1,1,,1,0,0,2026-03-18 19:07:09,2026-03-18 19:07:09,
77393,155,TARJETA – PAGO POSTERIOR - BILLETERA MOVIL,tipoMetodoPago,,1,1,,1,0,0,2026-03-18 19:07:09,2026-03-18 19:07:09,
77394,156,TARJETA – PAGO POSTERIOR - PAGO ONLINE,tipoMetodoPago,,1,1,,1,0,0,2026-03-18 19:07:09,2026-03-18 19:07:09,
77395,157,TARJETA – TRANSFERENCIA BANCARIA – DEPOSITO EN CUENTA,tipoMetodoPago,,1,1,,1,0,0,2026-03-18 19:07:09,2026-03-18 19:07:09,
77396,158,TARJETA – TRANSFERENCIA BANCARIA - TRANSFERENCIA SWIFT,tipoMetodoPago,,1,1,,1,0,0,2026-03-18 19:07:09,2026-03-18 19:07:09,
77397,159,TARJETA – TRANSFERENCIA BANCARIA – GIFT-CARD,tipoMetodoPago,,1,1,,1,0,0,2026-03-18 19:07:09,2026-03-18 19:07:09,
77398,160,TARJETA – TRANSFERENCIA BANCARIA – CANAL DE PAGO,tipoMetodoPago,,1,1,,1,0,0,2026-03-18 19:07:09,2026-03-18 19:07:09,
77399,161,TARJETA – TRANSFERENCIA  BANCARIA – BILLETERA MOVIL,tipoMetodoPago,,1,1,,1,0,0,2026-03-18 19:07:09,2026-03-18 19:07:09,
77400,162,TARJETA – TRANSFERENCIA BANCARIA – PAGO ONLINE,tipoMetodoPago,,1,1,,1,0,0,2026-03-18 19:07:09,2026-03-18 19:07:09,
77401,163,TARJETA – DEPOSITO EN CUENTA – TRANSFERENCIA SWIFT,tipoMetodoPago,,1,1,,1,0,0,2026-03-18 19:07:09,2026-03-18 19:07:09,
77402,164,TARJETA – DEPOSITO EN CUENTA – GIFT-CARD,tipoMetodoPago,,1,1,,1,0,0,2026-03-18 19:07:09,2026-03-18 19:07:09,
77403,165,TARJETA – DEPOSITO EN CUENTA – CANAL DE PAGO,tipoMetodoPago,,1,1,,1,0,0,2026-03-18 19:07:09,2026-03-18 19:07:09,
77404,166,TARJETA – DEPOSITO EN CUENTA  – BILLETERA MOVIL,tipoMetodoPago,,1,1,,1,0,0,2026-03-18 19:07:09,2026-03-18 19:07:09,
77405,167,TARJETA – DEPOSITO EN CUENTA – PAGO ONLINE,tipoMetodoPago,,1,1,,1,0,0,2026-03-18 19:07:09,2026-03-18 19:07:09,
77406,168,TARJETA – SWIFT - GIFT-CARD,tipoMetodoPago,,1,1,,1,0,0,2026-03-18 19:07:09,2026-03-18 19:07:09,
77407,169,TARJETA – SWIFT - CANAL DE PAGO,tipoMetodoPago,,1,1,,1,0,0,2026-03-18 19:07:09,2026-03-18 19:07:09,
77408,170,TARJETA – SWIFT - BILLETERA MOVIL,tipoMetodoPago,,1,1,,1,0,0,2026-03-18 19:07:09,2026-03-18 19:07:09,
77409,171,TARJETA – SWIFT - PAGO ONLINE,tipoMetodoPago,,1,1,,1,0,0,2026-03-18 19:07:09,2026-03-18 19:07:09,
77410,172,TARJETA – GIFT-CARD - CANAL DE PAGO,tipoMetodoPago,,1,1,,1,0,0,2026-03-18 19:07:09,2026-03-18 19:07:09,
77411,173,TARJETA – GIFT-CARD - BILLETERA MOVIL,tipoMetodoPago,,1,1,,1,0,0,2026-03-18 19:07:09,2026-03-18 19:07:09,
77412,174,TARJETA – GIFT-CARD- PAGO ONLINE,tipoMetodoPago,,1,1,,1,0,0,2026-03-18 19:07:09,2026-03-18 19:07:09,
77413,175,TARJETA – CANAL PAGO - BILLETERA MOVIL,tipoMetodoPago,,1,1,,1,0,0,2026-03-18 19:07:09,2026-03-18 19:07:09,
77414,176,TARJETA – CANAL PAGO - PAGO ONLINE,tipoMetodoPago,,1,1,,1,0,0,2026-03-18 19:07:09,2026-03-18 19:07:09,
77415,177,TARJETA – BILLETERA MOVIL - PAGO ONLINE,tipoMetodoPago,,1,1,,1,0,0,2026-03-18 19:07:09,2026-03-18 19:07:09,
77416,178,CHEQUE – VALES - PAGO POSTERIOR,tipoMetodoPago,,1,1,,1,0,0,2026-03-18 19:07:09,2026-03-18 19:07:09,
77417,179,CHEQUE – VALES - TRANSFERENCIA BANCARIA,tipoMetodoPago,,1,1,,1,0,0,2026-03-18 19:07:09,2026-03-18 19:07:09,
77418,180,CHEQUE – VALES - DEPOSITO EN CUENTA,tipoMetodoPago,,1,1,,1,0,0,2026-03-18 19:07:09,2026-03-18 19:07:09,
77419,181,CHEQUE – VALES - TRANSFERENCIA SWIFT,tipoMetodoPago,,1,1,,1,0,0,2026-03-18 19:07:10,2026-03-18 19:07:10,
77420,182,CHEQUE – VALES - GIFT-CARD,tipoMetodoPago,,1,1,,1,0,0,2026-03-18 19:07:10,2026-03-18 19:07:10,
77421,183,CHEQUE – VALES - CANAL DE PAGO,tipoMetodoPago,,1,1,,1,0,0,2026-03-18 19:07:10,2026-03-18 19:07:10,
77422,184,CHEQUE – VALES - BILLETERA MOVIL,tipoMetodoPago,,1,1,,1,0,0,2026-03-18 19:07:10,2026-03-18 19:07:10,
77423,185,CHEQUE – VALES - PAGO ONLINE,tipoMetodoPago,,1,1,,1,0,0,2026-03-18 19:07:10,2026-03-18 19:07:10,
77424,186,CHEQUE – PAGO POSTERIOR - TRANSFERENCIA BANCARIA,tipoMetodoPago,,1,1,,1,0,0,2026-03-18 19:07:10,2026-03-18 19:07:10,
77425,187,CHEQUE – PAGO POSTERIOR - DEPOSITO EN CUENTA,tipoMetodoPago,,1,1,,1,0,0,2026-03-18 19:07:10,2026-03-18 19:07:10,
77426,188,CHEQUE – PAGO POSTERIOR - TRANSFERENCIA SWIFT,tipoMetodoPago,,1,1,,1,0,0,2026-03-18 19:07:10,2026-03-18 19:07:10,
77427,189,CHEQUE – PAGO POSTERIOR - GIFT-CARD,tipoMetodoPago,,1,1,,1,0,0,2026-03-18 19:07:10,2026-03-18 19:07:10,
77428,190,CHEQUE – PAGO POSTERIOR - CANAL DE PAGO,tipoMetodoPago,,1,1,,1,0,0,2026-03-18 19:07:10,2026-03-18 19:07:10,
77429,191,CHEQUE – PAGO POSTERIOR - BILLETERA MOVIL,tipoMetodoPago,,1,1,,1,0,0,2026-03-18 19:07:10,2026-03-18 19:07:10,
77430,192,CHEQUE – PAGO POSTERIOR - PAGO ONLINE,tipoMetodoPago,,1,1,,1,0,0,2026-03-18 19:07:10,2026-03-18 19:07:10,
77431,193,CHEQUE – TRANSFERENCIA BANCARIA – DEPOSITO EN CUENTA,tipoMetodoPago,,1,1,,1,0,0,2026-03-18 19:07:10,2026-03-18 19:07:10,
77432,194,CHEQUE – TRANSFERENCIA BANCARIA – TRANSFERENCIA SWIFT,tipoMetodoPago,,1,1,,1,0,0,2026-03-18 19:07:10,2026-03-18 19:07:10,
77433,195,CHEQUE – TRANSFERENCIA BANCARIA – GIFT-CARD,tipoMetodoPago,,1,1,,1,0,0,2026-03-18 19:07:10,2026-03-18 19:07:10,
77434,196,CHEQUE – TRANSFERENCIA BANCARIA – CANAL DE PAGO,tipoMetodoPago,,1,1,,1,0,0,2026-03-18 19:07:10,2026-03-18 19:07:10,
77435,197,CHEQUE – TRANSFERENCIA BANCARIA – BILLETERA MOVIL,tipoMetodoPago,,1,1,,1,0,0,2026-03-18 19:07:10,2026-03-18 19:07:10,
77436,198,CHEQUE – TRANSFERENCIA BANCARIA – PAGO ONLINE,tipoMetodoPago,,1,1,,1,0,0,2026-03-18 19:07:10,2026-03-18 19:07:10,
77437,199,CHEQUE – DEPOSITO EN CUENTA - TRANSFERENCIA SWIFT,tipoMetodoPago,,1,1,,1,0,0,2026-03-18 19:07:10,2026-03-18 19:07:10,
77438,200,CHEQUE – DEPOSITO EN CUENTA - GIFT-CARD,tipoMetodoPago,,1,1,,1,0,0,2026-03-18 19:07:10,2026-03-18 19:07:10,
77439,201,CHEQUE – DEPOSITO EN CUENTA - CANAL DE PAGO,tipoMetodoPago,,1,1,,1,0,0,2026-03-18 19:07:10,2026-03-18 19:07:10,
77440,202,CHEQUE – DEPOSITO EN CUENTA - BILLETERA MOVIL,tipoMetodoPago,,1,1,,1,0,0,2026-03-18 19:07:10,2026-03-18 19:07:10,
77441,203,CHEQUE – DEPOSITO EN CUENTA - PAGO ONLINE,tipoMetodoPago,,1,1,,1,0,0,2026-03-18 19:07:10,2026-03-18 19:07:10,
77442,204,CHEQUE – SWIFT - GIFT-CARD,tipoMetodoPago,,1,1,,1,0,0,2026-03-18 19:07:10,2026-03-18 19:07:10,
77443,205,CHEQUE – SWIFT - CANAL DE PAGO,tipoMetodoPago,,1,1,,1,0,0,2026-03-18 19:07:10,2026-03-18 19:07:10,
77444,206,CHEQUE – SWIFT - BILLETERA MOVIL,tipoMetodoPago,,1,1,,1,0,0,2026-03-18 19:07:10,2026-03-18 19:07:10,
77445,207,CHEQUE – SWIFT - PAGO ONLINE,tipoMetodoPago,,1,1,,1,0,0,2026-03-18 19:07:10,2026-03-18 19:07:10,
77446,208,CHEQUE – GIFT-CARD - CANAL DE PAGO,tipoMetodoPago,,1,1,,1,0,0,2026-03-18 19:07:10,2026-03-18 19:07:10,
77447,209,CHEQUE – GIFT-CARD - BILLETERA MOVIL,tipoMetodoPago,,1,1,,1,0,0,2026-03-18 19:07:10,2026-03-18 19:07:10,
77448,210,CHEQUE – GIFT-CARD - PAGO ONLINE,tipoMetodoPago,,1,1,,1,0,0,2026-03-18 19:07:10,2026-03-18 19:07:10,
77449,211,CHEQUE – CANAL PAGO - BILLETERA MOVIL,tipoMetodoPago,,1,1,,1,0,0,2026-03-18 19:07:10,2026-03-18 19:07:10,
77450,212,CHEQUE – CANAL PAGO - PAGO ONLINE,tipoMetodoPago,,1,1,,1,0,0,2026-03-18 19:07:10,2026-03-18 19:07:10,
77451,213,CHEQUE – BILLETERA MOVIL  – PAGO ONLINE,tipoMetodoPago,,1,1,,1,0,0,2026-03-18 19:07:10,2026-03-18 19:07:10,
77452,214,VALES – SWIFT - TRANSFERENCIA BANCARIA,tipoMetodoPago,,1,1,,1,0,0,2026-03-18 19:07:10,2026-03-18 19:07:10,
77453,215,VALES – SWIFT - DEPOSITO EN CUENTA,tipoMetodoPago,,1,1,,1,0,0,2026-03-18 19:07:10,2026-03-18 19:07:10,
77454,216,VALES – SWIFT – OTROS,tipoMetodoPago,,1,1,,1,0,0,2026-03-18 19:07:10,2026-03-18 19:07:10,
77455,217,VALES – OTROS – GIFT CARD,tipoMetodoPago,,1,1,,1,0,0,2026-03-18 19:07:10,2026-03-18 19:07:10,
77456,218,VALES – OTROS – CANAL DE PAGO,tipoMetodoPago,,1,1,,1,0,0,2026-03-18 19:07:10,2026-03-18 19:07:10,
77457,219,VALES – SWIFT - BILLETERA MOVIL,tipoMetodoPago,,1,1,,1,0,0,2026-03-18 19:07:10,2026-03-18 19:07:10,
77458,220,VALES – SWIFT - PAGO ONLINE,tipoMetodoPago,,1,1,,1,0,0,2026-03-18 19:07:10,2026-03-18 19:07:10,
77459,221,VALES – GIFT-CARD - DEPOSITO EN CUENTA,tipoMetodoPago,,1,1,,1,0,0,2026-03-18 19:07:10,2026-03-18 19:07:10,
77460,222,VALES – GIFT-CARD - TRANSFERENCIA SWIFT,tipoMetodoPago,,1,1,,1,0,0,2026-03-18 19:07:10,2026-03-18 19:07:10,
77461,223,OTROS – GIFT CARD – TARJETA,tipoMetodoPago,,1,1,,1,0,0,2026-03-18 19:07:10,2026-03-18 19:07:10,
77462,224,OTROS - GIFT CARD - CANAL DE PAGO,tipoMetodoPago,,1,1,,1,0,0,2026-03-18 19:07:10,2026-03-18 19:07:10,
77463,225,VALES – GIFT CARD – OTROS,tipoMetodoPago,,1,1,,1,0,0,2026-03-18 19:07:10,2026-03-18 19:07:10,
77464,226,VALES – GIFT-CARD - PAGO ONLINE,tipoMetodoPago,,1,1,,1,0,0,2026-03-18 19:07:10,2026-03-18 19:07:10,
77465,227,VALES – CANAL DE PAGO  – TRANSFERENCIA SWIFT,tipoMetodoPago,,1,1,,1,0,0,2026-03-18 19:07:10,2026-03-18 19:07:10,
77466,228,VALES – CANAL DE PAGO  – GIFT-CARD,tipoMetodoPago,,1,1,,1,0,0,2026-03-18 19:07:10,2026-03-18 19:07:10,
77467,229,VALES – CANAL PAGO – OTROS,tipoMetodoPago,,1,1,,1,0,0,2026-03-18 19:07:10,2026-03-18 19:07:10,
77468,230,OTROS - CANAL DE PAGO  - BILLETERA MOVIL,tipoMetodoPago,,1,1,,1,0,0,2026-03-18 19:07:10,2026-03-18 19:07:10,
77469,231,VALES – CANAL DE PAGO  – PAGO ONLINE,tipoMetodoPago,,1,1,,1,0,0,2026-03-18 19:07:10,2026-03-18 19:07:10,
77470,232,VALES – BILLETERA MOVIL – GIFT-CARD,tipoMetodoPago,,1,1,,1,0,0,2026-03-18 19:07:10,2026-03-18 19:07:10,
77471,233,VALES – BILLETERA MOVIL – CANAL DE PAGO,tipoMetodoPago,,1,1,,1,0,0,2026-03-18 19:07:10,2026-03-18 19:07:10,
77472,234,VALES – BILLETERA MOVIL - OTROS,tipoMetodoPago,,1,1,,1,0,0,2026-03-18 19:07:10,2026-03-18 19:07:10,
77473,235,VALES – BILLETERA MOVIL – PAGO ONLINE,tipoMetodoPago,,1,1,,1,0,0,2026-03-18 19:07:10,2026-03-18 19:07:10,
77474,236,VALES – OTROS – CANAL PAGO,tipoMetodoPago,,1,1,,1,0,0,2026-03-18 19:07:10,2026-03-18 19:07:10,
77475,237,VALES – OTROS – BILLETERA MOVIL,tipoMetodoPago,,1,1,,1,0,0,2026-03-18 19:07:10,2026-03-18 19:07:10,
77476,238,VALES – PAGO ONLINE – OTROS,tipoMetodoPago,,1,1,,1,0,0,2026-03-18 19:07:10,2026-03-18 19:07:10,
77477,239,PAGO POSTERIOR – TRANSFERENCIA BANCARIA  – DEPOSITO EN CUENTA,tipoMetodoPago,,1,1,,1,0,0,2026-03-18 19:07:10,2026-03-18 19:07:10,
77478,240,PAGO POSTERIOR – TRANSFERENCIA BANCARIA  – TRANSFERENCIA SWIFT,tipoMetodoPago,,1,1,,1,0,0,2026-03-18 19:07:10,2026-03-18 19:07:10,
77479,241,PAGO POSTERIOR – TRANSFERENCIA BANCARIA  – GIFT-CARD,tipoMetodoPago,,1,1,,1,0,0,2026-03-18 19:07:10,2026-03-18 19:07:10,
77480,242,PAGO POSTERIOR – TRANSFERENCIA BANCARIA  – CANAL DE PAGO,tipoMetodoPago,,1,1,,1,0,0,2026-03-18 19:07:10,2026-03-18 19:07:10,
77481,243,PAGO POSTERIOR – TRANSFERENCIA BANCARIA  – BILLETERA MOVIL,tipoMetodoPago,,1,1,,1,0,0,2026-03-18 19:07:10,2026-03-18 19:07:10,
77482,244,PAGO POSTERIOR – TRANSFERENCIA BANCARIA  – PAGO ONLINE,tipoMetodoPago,,1,1,,1,0,0,2026-03-18 19:07:10,2026-03-18 19:07:10,
77483,245,PAGO POSTERIOR – DEPOSITO EN CUENTA  – TRANSFERENCIA SWIFT,tipoMetodoPago,,1,1,,1,0,0,2026-03-18 19:07:10,2026-03-18 19:07:10,
77484,246,PAGO POSTERIOR – DEPOSITO EN CUENTA  – GIFT-CARD,tipoMetodoPago,,1,1,,1,0,0,2026-03-18 19:07:10,2026-03-18 19:07:10,
77485,247,PAGO POSTERIOR – DEPOSITO EN CUENTA  – CANAL DE PAGO,tipoMetodoPago,,1,1,,1,0,0,2026-03-18 19:07:10,2026-03-18 19:07:10,
77486,248,PAGO POSTERIOR – DEPOSITO EN CUENTA  – BILLETERA MOVIL,tipoMetodoPago,,1,1,,1,0,0,2026-03-18 19:07:10,2026-03-18 19:07:10,
77487,249,PAGO POSTERIOR – DEPOSITO EN CUENTA  – PAGO ONLINE,tipoMetodoPago,,1,1,,1,0,0,2026-03-18 19:07:10,2026-03-18 19:07:10,
77488,250,PAGO POSTERIOR – SWIFT - GIFT-CARD,tipoMetodoPago,,1,1,,1,0,0,2026-03-18 19:07:10,2026-03-18 19:07:10,
77489,251,PAGO POSTERIOR – SWIFT - CANAL DE PAGO,tipoMetodoPago,,1,1,,1,0,0,2026-03-18 19:07:10,2026-03-18 19:07:10,
77490,252,PAGO POSTERIOR – SWIFT - BILLETERA MOVIL,tipoMetodoPago,,1,1,,1,0,0,2026-03-18 19:07:10,2026-03-18 19:07:10,
77491,253,PAGO POSTERIOR – SWIFT - PAGO ONLINE,tipoMetodoPago,,1,1,,1,0,0,2026-03-18 19:07:10,2026-03-18 19:07:10,
77492,254,PAGO POSTERIOR – GIFT-CARD - CANAL DE PAGO,tipoMetodoPago,,1,1,,1,0,0,2026-03-18 19:07:10,2026-03-18 19:07:10,
77493,255,PAGO POSTERIOR – GIFT-CARD - BILLETERA MOVIL,tipoMetodoPago,,1,1,,1,0,0,2026-03-18 19:07:10,2026-03-18 19:07:10,
77494,256,PAGO POSTERIOR – GIFT-CARD - PAGO ONLINE,tipoMetodoPago,,1,1,,1,0,0,2026-03-18 19:07:10,2026-03-18 19:07:10,
77495,257,PAGO POSTERIOR – CANAL DE PAGO - BILLETERA MOVIL,tipoMetodoPago,,1,1,,1,0,0,2026-03-18 19:07:10,2026-03-18 19:07:10,
77496,258,PAGO POSTERIOR – CANAL DE PAGO - PAGO ONLINE,tipoMetodoPago,,1,1,,1,0,0,2026-03-18 19:07:10,2026-03-18 19:07:10,
77497,259,PAGO POSTERIOR – BILLETERA MOVIL - PAGO ONLINE,tipoMetodoPago,,1,1,,1,0,0,2026-03-18 19:07:10,2026-03-18 19:07:10,
77498,260,TRANSFERENCIA BANCARIA – DEPOSITO EN CUENTA  – TRANSFERENCIA SWIFT,tipoMetodoPago,,1,1,,1,0,0,2026-03-18 19:07:10,2026-03-18 19:07:10,
77499,261,TRANSFERENCIA BANCARIA – DEPOSITO  EN CUENTA – GIFT-CARD,tipoMetodoPago,,1,1,,1,0,0,2026-03-18 19:07:10,2026-03-18 19:07:10,
77500,262,TRANSFERENCIA BANCARIA – DEPOSITO  EN CUENTA – CANAL DE PAGO,tipoMetodoPago,,1,1,,1,0,0,2026-03-18 19:07:10,2026-03-18 19:07:10,
77501,263,TRANSFERENCIA BANCARIA – DEPOSITO EN CUENTA   – BILLETERA MOVIL,tipoMetodoPago,,1,1,,1,0,0,2026-03-18 19:07:10,2026-03-18 19:07:10,
77502,264,TRANSFERENCIA BANCARIA– DEPOSITO  EN CUENTA – PAGO ONLINE,tipoMetodoPago,,1,1,,1,0,0,2026-03-18 19:07:10,2026-03-18 19:07:10,
77503,265,TRANSFERENCIA BANCARIA – SWIFT  – GIFT-CARD,tipoMetodoPago,,1,1,,1,0,0,2026-03-18 19:07:11,2026-03-18 19:07:11,
77504,266,TRANSFERENCIA BANCARIA – SWIFT  – CANAL DE PAGO,tipoMetodoPago,,1,1,,1,0,0,2026-03-18 19:07:11,2026-03-18 19:07:11,
77505,267,TRANSFERENCIA BANCARIA – SWIFT  – BILLETERA MOVIL,tipoMetodoPago,,1,1,,1,0,0,2026-03-18 19:07:11,2026-03-18 19:07:11,
77506,268,TRANSFERENCIA BANCARIA – SWIFT  – PAGO ONLINE,tipoMetodoPago,,1,1,,1,0,0,2026-03-18 19:07:11,2026-03-18 19:07:11,
77507,269,TRANSFERENCIA BANCARIA – GIFT-CARD  – CANAL DE PAGO,tipoMetodoPago,,1,1,,1,0,0,2026-03-18 19:07:11,2026-03-18 19:07:11,
77508,270,TRANSFERENCIA BANCARIA – GIFT-CARD  – BILLETERA MOVIL,tipoMetodoPago,,1,1,,1,0,0,2026-03-18 19:07:11,2026-03-18 19:07:11,
77509,271,TRANSFERENCIA BANCARIA – GIFT-CARD  – PAGO ONLINE,tipoMetodoPago,,1,1,,1,0,0,2026-03-18 19:07:11,2026-03-18 19:07:11,
77510,272,TRANSFERENCIA BANCARIA – CANAL DE PAGO – BILLETERA MOVIL,tipoMetodoPago,,1,1,,1,0,0,2026-03-18 19:07:11,2026-03-18 19:07:11,
77511,273,TRANSFERENCIA BANCARIA – CANAL DE PAGO – PAGO ONLINE,tipoMetodoPago,,1,1,,1,0,0,2026-03-18 19:07:11,2026-03-18 19:07:11,
77512,274,TRANSFERENCIA BANCARIA – BILLETERA MOVIL – PAGO ONLINE,tipoMetodoPago,,1,1,,1,0,0,2026-03-18 19:07:11,2026-03-18 19:07:11,
77513,275,DEPOSITO EN CUENTA  – SWIFT  – GIFT-CARD,tipoMetodoPago,,1,1,,1,0,0,2026-03-18 19:07:11,2026-03-18 19:07:11,
77514,276,DEPOSITO EN CUENTA  – SWIFT  – CANAL DE PAGO,tipoMetodoPago,,1,1,,1,0,0,2026-03-18 19:07:11,2026-03-18 19:07:11,
77515,277,DEPOSITO EN CUENTA  – SWIFT  – BILLETERA MOVIL,tipoMetodoPago,,1,1,,1,0,0,2026-03-18 19:07:11,2026-03-18 19:07:11,
77516,278,DEPOSITO EN CUENTA  – SWIFT  – PAGO ONLINE,tipoMetodoPago,,1,1,,1,0,0,2026-03-18 19:07:11,2026-03-18 19:07:11,
77517,279,DEPOSITO EN CUENTA – GIFT-CARD  – CANAL DE PAGO,tipoMetodoPago,,1,1,,1,0,0,2026-03-18 19:07:11,2026-03-18 19:07:11,
77518,280,DEPOSITO EN CUENTA – GIFT-CARD  – BILLETERA MOVIL,tipoMetodoPago,,1,1,,1,0,0,2026-03-18 19:07:11,2026-03-18 19:07:11,
77519,281,DEPOSITO EN CUENTA  – GIFT-CARD  – PAGO ONLINE,tipoMetodoPago,,1,1,,1,0,0,2026-03-18 19:07:11,2026-03-18 19:07:11,
77520,282,DEPOSITO EN CUENTA –  CANAL DE PAGO  – BILLETERA MOVIL,tipoMetodoPago,,1,1,,1,0,0,2026-03-18 19:07:11,2026-03-18 19:07:11,
77521,283,DEPOSITO EN CUENTA – CANAL DE PAGO   – PAGO ONLINE,tipoMetodoPago,,1,1,,1,0,0,2026-03-18 19:07:11,2026-03-18 19:07:11,
77522,284,DEPOSITO EN CUENTA – BILLETERA MOVIL  – PAGO ONLINE,tipoMetodoPago,,1,1,,1,0,0,2026-03-18 19:07:11,2026-03-18 19:07:11,
77523,285,SWIFT – GIFT-CARD - CANAL DE PAGO,tipoMetodoPago,,1,1,,1,0,0,2026-03-18 19:07:11,2026-03-18 19:07:11,
77524,286,SWIFT – GIFT-CARD - BILLETERA MOVIL,tipoMetodoPago,,1,1,,1,0,0,2026-03-18 19:07:11,2026-03-18 19:07:11,
77525,287,SWIFT – GIFT-CARD - PAGO ONLINE,tipoMetodoPago,,1,1,,1,0,0,2026-03-18 19:07:11,2026-03-18 19:07:11,
77526,288,SWIFT – CANAL DE PAGO  – BILLETERA MOVIL,tipoMetodoPago,,1,1,,1,0,0,2026-03-18 19:07:11,2026-03-18 19:07:11,
77527,289,SWIFT – CANAL  DE PAGO – PAGO ONLINE,tipoMetodoPago,,1,1,,1,0,0,2026-03-18 19:07:11,2026-03-18 19:07:11,
77528,290,SWIFT – BILLETERA MOVIL  – PAGO ONLINE,tipoMetodoPago,,1,1,,1,0,0,2026-03-18 19:07:11,2026-03-18 19:07:11,
77529,291,GIFT-CARD – CANAL DE PAGO  – BILLETERA MOVIL,tipoMetodoPago,,1,1,,1,0,0,2026-03-18 19:07:11,2026-03-18 19:07:11,
77530,292,GIFT-CARD – CANAL DE PAGO  – PAGO ONLINE,tipoMetodoPago,,1,1,,1,0,0,2026-03-18 19:07:11,2026-03-18 19:07:11,
77531,293,GIFT-CARD – BILLETERA MOVIL - PAGO ONLINE,tipoMetodoPago,,1,1,,1,0,0,2026-03-18 19:07:11,2026-03-18 19:07:11,
77532,294,CANAL DE PAGO – BILLETERA MOVIL  – PAGO ONLINE,tipoMetodoPago,,1,1,,1,0,0,2026-03-18 19:07:11,2026-03-18 19:07:11,
77533,295,DEBITO AUTOMATICO,tipoMetodoPago,,1,1,,1,0,0,2026-03-18 19:07:11,2026-03-18 19:07:11,
77534,296,DEBITO AUTOMATICO – EFECTIVO,tipoMetodoPago,,1,1,,1,0,0,2026-03-18 19:07:11,2026-03-18 19:07:11,
77535,297,DEBITO AUTOMATICO -TARJETA,tipoMetodoPago,,1,1,,1,0,0,2026-03-18 19:07:11,2026-03-18 19:07:11,
77536,298,DEBITO AUTOMATICO – CHEQUE,tipoMetodoPago,,1,1,,1,0,0,2026-03-18 19:07:11,2026-03-18 19:07:11,
77537,125,CHELÍN SOMALÍ,tipoMoneda,,1,1,,1,0,0,2026-03-18 19:07:24,2026-03-18 19:07:24,
77538,126,RAND,tipoMoneda,,1,1,,1,0,0,2026-03-18 19:07:24,2026-03-18 19:07:24,
77539,127,LIBRA SURSUDANESA,tipoMoneda,,1,1,,1,0,0,2026-03-18 19:07:24,2026-03-18 19:07:24,
77540,128,RUPIA CEILANDESA,tipoMoneda,,1,1,,1,0,0,2026-03-18 19:07:24,2026-03-18 19:07:24,
77541,129,LIBRA SUDANESA,tipoMoneda,,1,1,,1,0,0,2026-03-18 19:07:24,2026-03-18 19:07:24,
77542,130,DÓLAR SURINAMÉS,tipoMoneda,,1,1,,1,0,0,2026-03-18 19:07:24,2026-03-18 19:07:24,
77543,131,LILANGENI,tipoMoneda,,1,1,,1,0,0,2026-03-18 19:07:24,2026-03-18 19:07:24,
77544,132,CORONA SUECA,tipoMoneda,,1,1,,1,0,0,2026-03-18 19:07:24,2026-03-18 19:07:24,
77545,133,FRANCO SUIZO,tipoMoneda,,1,1,,1,0,0,2026-03-18 19:07:24,2026-03-18 19:07:24,
77546,134,LIBRA SIRIA,tipoMoneda,,1,1,,1,0,0,2026-03-18 19:07:24,2026-03-18 19:07:24,
77547,135,NUEVO DÓLAR DE TAIWÁN,tipoMoneda,,1,1,,1,0,0,2026-03-18 19:07:24,2026-03-18 19:07:24,
77548,136,SOMONI,tipoMoneda,,1,1,,1,0,0,2026-03-18 19:07:24,2026-03-18 19:07:24,
77549,137,CHELÍN TANZANIANO,tipoMoneda,,1,1,,1,0,0,2026-03-18 19:07:24,2026-03-18 19:07:24,
77550,138,BAT,tipoMoneda,,1,1,,1,0,0,2026-03-18 19:07:24,2026-03-18 19:07:24,
77551,139,PAANGA,tipoMoneda,,1,1,,1,0,0,2026-03-18 19:07:24,2026-03-18 19:07:24,
77552,140,DÓLAR TRINITENSE,tipoMoneda,,1,1,,1,0,0,2026-03-18 19:07:24,2026-03-18 19:07:24,
77553,141,DINAR TUNECINO,tipoMoneda,,1,1,,1,0,0,2026-03-18 19:07:24,2026-03-18 19:07:24,
77554,142,LIRA TURCA,tipoMoneda,,1,1,,1,0,0,2026-03-18 19:07:24,2026-03-18 19:07:24,
77555,143,MANAT TURCOMANO,tipoMoneda,,1,1,,1,0,0,2026-03-18 19:07:24,2026-03-18 19:07:24,
77556,144,CHELÍN UGANDÉS,tipoMoneda,,1,1,,1,0,0,2026-03-18 19:07:24,2026-03-18 19:07:24,
77557,145,GRIVNA,tipoMoneda,,1,1,,1,0,0,2026-03-18 19:07:24,2026-03-18 19:07:24,
77558,146,PESO URUGUAYO,tipoMoneda,,1,1,,1,0,0,2026-03-18 19:07:24,2026-03-18 19:07:24,
77559,147,SUM,tipoMoneda,,1,1,,1,0,0,2026-03-18 19:07:24,2026-03-18 19:07:24,
77560,148,VATU DO VANUATU,tipoMoneda,,1,1,,1,0,0,2026-03-18 19:07:24,2026-03-18 19:07:24,
77561,149,BOLÍVAR FUERTE,tipoMoneda,,1,1,,1,0,0,2026-03-18 19:07:24,2026-03-18 19:07:24,
77562,150,DONG,tipoMoneda,,1,1,,1,0,0,2026-03-18 19:07:24,2026-03-18 19:07:24,
77563,151,RIAL YEMENÍ,tipoMoneda,,1,1,,1,0,0,2026-03-18 19:07:24,2026-03-18 19:07:24,
77564,152,KUACHA ZAMBIANO,tipoMoneda,,1,1,,1,0,0,2026-03-18 19:07:24,2026-03-18 19:07:24,
77565,153,DÓLAR ZIMBABUENSE,tipoMoneda,,1,1,,1,0,0,2026-03-18 19:07:24,2026-03-18 19:07:24,
77566,3,AFGANI,tipoMoneda,,1,1,,1,0,0,2026-03-18 19:07:24,2026-03-18 19:07:24,
77567,4,LEK,tipoMoneda,,1,1,,1,0,0,2026-03-18 19:07:24,2026-03-18 19:07:24,
77568,5,LIBRA ESTERLINA,tipoMoneda,,1,1,,1,0,0,2026-03-18 19:07:24,2026-03-18 19:07:24,
77569,6,DINAR,tipoMoneda,,1,1,,1,0,0,2026-03-18 19:07:24,2026-03-18 19:07:24,
77570,7,EURO,tipoMoneda,,1,1,,1,0,0,2026-03-18 19:07:24,2026-03-18 19:07:24,
77571,8,KUANZA DE ANGOLA,tipoMoneda,,1,1,,1,0,0,2026-03-18 19:07:24,2026-03-18 19:07:24,
77572,9,PESO ARGENTINO,tipoMoneda,,1,1,,1,0,0,2026-03-18 19:07:24,2026-03-18 19:07:24,
77573,10,DRAM ARMENIO,tipoMoneda,,1,1,,1,0,0,2026-03-18 19:07:24,2026-03-18 19:07:24,
77574,11,FLORÍN ARUBANO,tipoMoneda,,1,1,,1,0,0,2026-03-18 19:07:24,2026-03-18 19:07:24,
77575,12,DÓLAR AUSTRALIANO,tipoMoneda,,1,1,,1,0,0,2026-03-18 19:07:24,2026-03-18 19:07:24,
77576,13,MANAT AZERBAYANO,tipoMoneda,,1,1,,1,0,0,2026-03-18 19:07:24,2026-03-18 19:07:24,
77577,14,DÓLAR DE LAS BAHAMAS,tipoMoneda,,1,1,,1,0,0,2026-03-18 19:07:24,2026-03-18 19:07:24,
77578,15,DINAR DE BARÉIN,tipoMoneda,,1,1,,1,0,0,2026-03-18 19:07:24,2026-03-18 19:07:24,
77579,16,TAKA DE BANGLADÉS,tipoMoneda,,1,1,,1,0,0,2026-03-18 19:07:24,2026-03-18 19:07:24,
77580,17,DÓLAR DE LAS BARBADOS,tipoMoneda,,1,1,,1,0,0,2026-03-18 19:07:24,2026-03-18 19:07:24,
77581,18,RUBLO BIELORRUSO,tipoMoneda,,1,1,,1,0,0,2026-03-18 19:07:24,2026-03-18 19:07:24,
77582,19,DÓLAR BELICEÑO,tipoMoneda,,1,1,,1,0,0,2026-03-18 19:07:24,2026-03-18 19:07:24,
77583,20,GULTRUM BUTANÉS,tipoMoneda,,1,1,,1,0,0,2026-03-18 19:07:24,2026-03-18 19:07:24,
77584,21,MARCO CONVERTIBLE DE BOSNIA Y HERZEGOVINA,tipoMoneda,,1,1,,1,0,0,2026-03-18 19:07:24,2026-03-18 19:07:24,
77585,22,PULA DE BOTSUANA,tipoMoneda,,1,1,,1,0,0,2026-03-18 19:07:24,2026-03-18 19:07:24,
77586,23,REAL BRASILEÑO,tipoMoneda,,1,1,,1,0,0,2026-03-18 19:07:24,2026-03-18 19:07:24,
77587,24,DÓLAR DE BRUNEI,tipoMoneda,,1,1,,1,0,0,2026-03-18 19:07:24,2026-03-18 19:07:24,
77588,25,LEVA BÚLGARO,tipoMoneda,,1,1,,1,0,0,2026-03-18 19:07:24,2026-03-18 19:07:24,
77589,26,FRANCO CFA,tipoMoneda,,1,1,,1,0,0,2026-03-18 19:07:24,2026-03-18 19:07:24,
77590,27,KIAT DE BIRMANIA,tipoMoneda,,1,1,,1,0,0,2026-03-18 19:07:24,2026-03-18 19:07:24,
77591,28,FRANCO BURUNDÉS,tipoMoneda,,1,1,,1,0,0,2026-03-18 19:07:24,2026-03-18 19:07:24,
77592,29,RIEL CAMBOYANO,tipoMoneda,,1,1,,1,0,0,2026-03-18 19:07:24,2026-03-18 19:07:24,
77593,30,DÓLAR CANADIENSE,tipoMoneda,,1,1,,1,0,0,2026-03-18 19:07:24,2026-03-18 19:07:24,
77594,31,ESCUDO DE CABO VERDE,tipoMoneda,,1,1,,1,0,0,2026-03-18 19:07:24,2026-03-18 19:07:24,
77595,32,DÓLAR DE LAS ISLAS CAIMÁN,tipoMoneda,,1,1,,1,0,0,2026-03-18 19:07:24,2026-03-18 19:07:24,
77596,33,PESO CHILENO,tipoMoneda,,1,1,,1,0,0,2026-03-18 19:07:24,2026-03-18 19:07:24,
77597,34,"YUAN, RENMINBI",tipoMoneda,,1,1,,1,0,0,2026-03-18 19:07:24,2026-03-18 19:07:24,
77598,35,PESO COLOMBIANO,tipoMoneda,,1,1,,1,0,0,2026-03-18 19:07:24,2026-03-18 19:07:24,
77599,36,FRANCO COMORANO,tipoMoneda,,1,1,,1,0,0,2026-03-18 19:07:24,2026-03-18 19:07:24,
77600,37,FRANCO CONGOLEÑO,tipoMoneda,,1,1,,1,0,0,2026-03-18 19:07:24,2026-03-18 19:07:24,
77601,38,COLÓN COSTARRICENSE,tipoMoneda,,1,1,,1,0,0,2026-03-18 19:07:24,2026-03-18 19:07:24,
77602,154,DÓLAR HONG KONG,tipoMoneda,,1,1,,1,0,0,2026-03-18 19:07:24,2026-03-18 19:07:24,
77603,39,KUNA CROATA,tipoMoneda,,1,1,,1,0,0,2026-03-18 19:07:24,2026-03-18 19:07:24,
77604,40,PESO CUBANO,tipoMoneda,,1,1,,1,0,0,2026-03-18 19:07:24,2026-03-18 19:07:24,
77605,41,FLORÍN DE LAS ANTILLAS NEERLANDESAS,tipoMoneda,,1,1,,1,0,0,2026-03-18 19:07:24,2026-03-18 19:07:24,
77606,42,CORONA CHECA,tipoMoneda,,1,1,,1,0,0,2026-03-18 19:07:24,2026-03-18 19:07:24,
77607,43,CORONA DANESA,tipoMoneda,,1,1,,1,0,0,2026-03-18 19:07:24,2026-03-18 19:07:24,
77608,44,FRANCO YIBUTIANO,tipoMoneda,,1,1,,1,0,0,2026-03-18 19:07:24,2026-03-18 19:07:24,
77609,45,PESO DOMINICANO,tipoMoneda,,1,1,,1,0,0,2026-03-18 19:07:24,2026-03-18 19:07:24,
77610,46,DÓLAR ESTADOUNIDENSE,tipoMoneda,,1,1,,1,0,0,2026-03-18 19:07:24,2026-03-18 19:07:24,
77611,47,LIBRA EGIPCIA,tipoMoneda,,1,1,,1,0,0,2026-03-18 19:07:24,2026-03-18 19:07:24,
77612,48,COLÓN SALVADOREÑO,tipoMoneda,,1,1,,1,0,0,2026-03-18 19:07:24,2026-03-18 19:07:24,
77613,49,NAKFA DE ERITREA,tipoMoneda,,1,1,,1,0,0,2026-03-18 19:07:25,2026-03-18 19:07:25,
77614,50,BIR,tipoMoneda,,1,1,,1,0,0,2026-03-18 19:07:25,2026-03-18 19:07:25,
77615,51,FRANCO CFP,tipoMoneda,,1,1,,1,0,0,2026-03-18 19:07:25,2026-03-18 19:07:25,
77616,52,DALASI GAMBIANO,tipoMoneda,,1,1,,1,0,0,2026-03-18 19:07:25,2026-03-18 19:07:25,
77617,53,LARI GEORGIANO,tipoMoneda,,1,1,,1,0,0,2026-03-18 19:07:25,2026-03-18 19:07:25,
77618,54,CEDI DE GANA,tipoMoneda,,1,1,,1,0,0,2026-03-18 19:07:25,2026-03-18 19:07:25,
77619,55,LIBRA DE GIBRALTAR,tipoMoneda,,1,1,,1,0,0,2026-03-18 19:07:25,2026-03-18 19:07:25,
77620,56,QUETZAL,tipoMoneda,,1,1,,1,0,0,2026-03-18 19:07:25,2026-03-18 19:07:25,
77621,57,FRANCO GUINEANO,tipoMoneda,,1,1,,1,0,0,2026-03-18 19:07:25,2026-03-18 19:07:25,
77622,58,GURDE,tipoMoneda,,1,1,,1,0,0,2026-03-18 19:07:25,2026-03-18 19:07:25,
77623,59,LEMPIRA,tipoMoneda,,1,1,,1,0,0,2026-03-18 19:07:25,2026-03-18 19:07:25,
77624,60,FORINTO,tipoMoneda,,1,1,,1,0,0,2026-03-18 19:07:25,2026-03-18 19:07:25,
77625,61,CORONA ISLANDESA,tipoMoneda,,1,1,,1,0,0,2026-03-18 19:07:25,2026-03-18 19:07:25,
77626,62,RUPIA INDIA,tipoMoneda,,1,1,,1,0,0,2026-03-18 19:07:25,2026-03-18 19:07:25,
77627,1,BOLIVIANO,tipoMoneda,,1,1,,1,0,0,2026-03-18 19:07:25,2026-03-18 19:07:25,
77628,63,RUPIA INDONESIA,tipoMoneda,,1,1,,1,0,0,2026-03-18 19:07:25,2026-03-18 19:07:25,
77629,2,DOLAR,tipoMoneda,,1,1,,1,0,0,2026-03-18 19:07:25,2026-03-18 19:07:25,
77630,64,RIAL IRANÍ,tipoMoneda,,1,1,,1,0,0,2026-03-18 19:07:25,2026-03-18 19:07:25,
77631,65,DINAR IRAKÍ,tipoMoneda,,1,1,,1,0,0,2026-03-18 19:07:25,2026-03-18 19:07:25,
77632,66,NUEVO SÉQUEL,tipoMoneda,,1,1,,1,0,0,2026-03-18 19:07:25,2026-03-18 19:07:25,
77633,67,DÓLAR JAMAICANO,tipoMoneda,,1,1,,1,0,0,2026-03-18 19:07:25,2026-03-18 19:07:25,
77634,68,YEN,tipoMoneda,,1,1,,1,0,0,2026-03-18 19:07:25,2026-03-18 19:07:25,
77635,69,DINAR JORDANO,tipoMoneda,,1,1,,1,0,0,2026-03-18 19:07:25,2026-03-18 19:07:25,
77636,70,TENGUE KAZAJO,tipoMoneda,,1,1,,1,0,0,2026-03-18 19:07:25,2026-03-18 19:07:25,
77637,71,CHELÍN KENIANO,tipoMoneda,,1,1,,1,0,0,2026-03-18 19:07:25,2026-03-18 19:07:25,
77638,72,WON NORCOREANO,tipoMoneda,,1,1,,1,0,0,2026-03-18 19:07:25,2026-03-18 19:07:25,
77639,73,WON SURCOREANO,tipoMoneda,,1,1,,1,0,0,2026-03-18 19:07:25,2026-03-18 19:07:25,
77640,74,DINAR KUWAITÍ,tipoMoneda,,1,1,,1,0,0,2026-03-18 19:07:25,2026-03-18 19:07:25,
77641,75,SOM KIRGUÍS,tipoMoneda,,1,1,,1,0,0,2026-03-18 19:07:25,2026-03-18 19:07:25,
77642,76,KIP,tipoMoneda,,1,1,,1,0,0,2026-03-18 19:07:25,2026-03-18 19:07:25,
77643,77,LATS,tipoMoneda,,1,1,,1,0,0,2026-03-18 19:07:25,2026-03-18 19:07:25,
77644,78,LIBRA LIBANESA,tipoMoneda,,1,1,,1,0,0,2026-03-18 19:07:25,2026-03-18 19:07:25,
77645,79,LOTI DE LESOTO,tipoMoneda,,1,1,,1,0,0,2026-03-18 19:07:25,2026-03-18 19:07:25,
77646,80,DÓLAR LIBERIANO,tipoMoneda,,1,1,,1,0,0,2026-03-18 19:07:25,2026-03-18 19:07:25,
77647,81,DINAR LIBIO,tipoMoneda,,1,1,,1,0,0,2026-03-18 19:07:25,2026-03-18 19:07:25,
77648,82,LITAS,tipoMoneda,,1,1,,1,0,0,2026-03-18 19:07:25,2026-03-18 19:07:25,
77649,83,PATACA DE MACAO,tipoMoneda,,1,1,,1,0,0,2026-03-18 19:07:25,2026-03-18 19:07:25,
77650,84,DENAR,tipoMoneda,,1,1,,1,0,0,2026-03-18 19:07:25,2026-03-18 19:07:25,
77651,85,ARIARI,tipoMoneda,,1,1,,1,0,0,2026-03-18 19:07:25,2026-03-18 19:07:25,
77652,86,KUACHA DE MALAUI,tipoMoneda,,1,1,,1,0,0,2026-03-18 19:07:25,2026-03-18 19:07:25,
77653,87,RINGIT,tipoMoneda,,1,1,,1,0,0,2026-03-18 19:07:25,2026-03-18 19:07:25,
77654,88,RUFIYA,tipoMoneda,,1,1,,1,0,0,2026-03-18 19:07:25,2026-03-18 19:07:25,
77655,89,UGUIYA,tipoMoneda,,1,1,,1,0,0,2026-03-18 19:07:25,2026-03-18 19:07:25,
77656,90,RUPIA DE MAURICIO,tipoMoneda,,1,1,,1,0,0,2026-03-18 19:07:25,2026-03-18 19:07:25,
77657,91,PESO MEXICANO,tipoMoneda,,1,1,,1,0,0,2026-03-18 19:07:25,2026-03-18 19:07:25,
77658,92,DÓLAR MICRONESIO,tipoMoneda,,1,1,,1,0,0,2026-03-18 19:07:25,2026-03-18 19:07:25,
77659,93,LEU MOLDAVO,tipoMoneda,,1,1,,1,0,0,2026-03-18 19:07:25,2026-03-18 19:07:25,
77660,94,TUGRIK MONGOL,tipoMoneda,,1,1,,1,0,0,2026-03-18 19:07:25,2026-03-18 19:07:25,
77661,95,DÍRHAM,tipoMoneda,,1,1,,1,0,0,2026-03-18 19:07:25,2026-03-18 19:07:25,
77662,96,METICAL,tipoMoneda,,1,1,,1,0,0,2026-03-18 19:07:25,2026-03-18 19:07:25,
77663,97,DÓLAR DE NAMIBIA,tipoMoneda,,1,1,,1,0,0,2026-03-18 19:07:25,2026-03-18 19:07:25,
77664,98,DÓLAR NAURUANO,tipoMoneda,,1,1,,1,0,0,2026-03-18 19:07:25,2026-03-18 19:07:25,
77665,99,RUPIA NEPALÍ,tipoMoneda,,1,1,,1,0,0,2026-03-18 19:07:25,2026-03-18 19:07:25,
77666,100,DÓLAR DE NUEVA ZELANDA,tipoMoneda,,1,1,,1,0,0,2026-03-18 19:07:25,2026-03-18 19:07:25,
77667,101,CÓRDOBA NICARAGÜENSE,tipoMoneda,,1,1,,1,0,0,2026-03-18 19:07:25,2026-03-18 19:07:25,
77668,102,NAIRA NIGERIANO,tipoMoneda,,1,1,,1,0,0,2026-03-18 19:07:25,2026-03-18 19:07:25,
77669,103,CORONA NORUEGA,tipoMoneda,,1,1,,1,0,0,2026-03-18 19:07:25,2026-03-18 19:07:25,
77670,104,RIAL DE OMÁN,tipoMoneda,,1,1,,1,0,0,2026-03-18 19:07:25,2026-03-18 19:07:25,
77671,105,RUPIA PAKISTANÍ,tipoMoneda,,1,1,,1,0,0,2026-03-18 19:07:25,2026-03-18 19:07:25,
77672,106,BALBOA PANAMEÑO,tipoMoneda,,1,1,,1,0,0,2026-03-18 19:07:25,2026-03-18 19:07:25,
77673,107,KINA,tipoMoneda,,1,1,,1,0,0,2026-03-18 19:07:25,2026-03-18 19:07:25,
77674,108,GUARANÍ PARAGUAYO,tipoMoneda,,1,1,,1,0,0,2026-03-18 19:07:25,2026-03-18 19:07:25,
77675,109,NUEVO SOL PERUANO,tipoMoneda,,1,1,,1,0,0,2026-03-18 19:07:25,2026-03-18 19:07:25,
77676,110,PESO FILIPINO,tipoMoneda,,1,1,,1,0,0,2026-03-18 19:07:25,2026-03-18 19:07:25,
77677,111,ZLOTI,tipoMoneda,,1,1,,1,0,0,2026-03-18 19:07:25,2026-03-18 19:07:25,
77678,112,RIAL CATARÍ,tipoMoneda,,1,1,,1,0,0,2026-03-18 19:07:25,2026-03-18 19:07:25,
77679,113,LEU RUMANO,tipoMoneda,,1,1,,1,0,0,2026-03-18 19:07:25,2026-03-18 19:07:25,
77680,114,RUBLO,tipoMoneda,,1,1,,1,0,0,2026-03-18 19:07:25,2026-03-18 19:07:25,
77681,115,FRANCO RUANDÉS,tipoMoneda,,1,1,,1,0,0,2026-03-18 19:07:25,2026-03-18 19:07:25,
77682,116,DÓLAR DEL CARIBE ORIENTAL,tipoMoneda,,1,1,,1,0,0,2026-03-18 19:07:25,2026-03-18 19:07:25,
77683,117,TALA,tipoMoneda,,1,1,,1,0,0,2026-03-18 19:07:25,2026-03-18 19:07:25,
77684,118,DOBRA,tipoMoneda,,1,1,,1,0,0,2026-03-18 19:07:25,2026-03-18 19:07:25,
77685,119,RIAL SAUDÍ,tipoMoneda,,1,1,,1,0,0,2026-03-18 19:07:25,2026-03-18 19:07:25,
77686,120,DINAR SERBIO,tipoMoneda,,1,1,,1,0,0,2026-03-18 19:07:25,2026-03-18 19:07:25,
77687,121,RUPIA SEYCHELLENSE,tipoMoneda,,1,1,,1,0,0,2026-03-18 19:07:25,2026-03-18 19:07:25,
77688,122,LEONA,tipoMoneda,,1,1,,1,0,0,2026-03-18 19:07:25,2026-03-18 19:07:25,
77689,123,DÓLAR SINGAPURENSE,tipoMoneda,,1,1,,1,0,0,2026-03-18 19:07:25,2026-03-18 19:07:25,
77690,124,DÓLAR SALOMONENSE,tipoMoneda,,1,1,,1,0,0,2026-03-18 19:07:25,2026-03-18 19:07:25,
77691,1,PUNTO VENTA COMISIONISTA,puntoVenta,,1,1,,1,0,0,2026-03-18 19:07:38,2026-03-18 19:07:38,
77692,2,PUNTO VENTA VENTANILLA DE COBRANZA,puntoVenta,,1,1,,1,0,0,2026-03-18 19:07:38,2026-03-18 19:07:38,
77693,3,PUNTO DE VENTA MOVILES,puntoVenta,,1,1,,1,0,0,2026-03-18 19:07:38,2026-03-18 19:07:38,
77694,6,PUNTO DE VENTA CONJUNTA,puntoVenta,,1,1,,1,0,0,2026-03-18 19:07:38,2026-03-18 19:07:38,
77695,4,PUNTO DE VENTA YPFB,puntoVenta,,1,1,,1,0,0,2026-03-18 19:07:38,2026-03-18 19:07:38,
77696,5,PUNTO DE VENTA CAJEROS,puntoVenta,,1,1,,1,0,0,2026-03-18 19:07:38,2026-03-18 19:07:38,
77697,4,DOCUMENTO EQUIVALENTE,tipoFactura,,1,1,,1,0,0,2026-03-18 19:07:49,2026-03-18 19:07:49,
77698,1,FACTURA CON DERECHO A CREDITO FISCAL,tipoFactura,,1,1,,1,0,0,2026-03-18 19:07:49,2026-03-18 19:07:49,
77699,3,DOCUMENTO DE AJUSTE,tipoFactura,,1,1,,1,0,0,2026-03-18 19:07:49,2026-03-18 19:07:49,
77700,2,FACTURA SIN DERECHO A CREDITO FISCAL,tipoFactura,,1,1,,1,0,0,2026-03-18 19:07:49,2026-03-18 19:07:49,
